Distance_(cm), NH2OH_Sens_HOF_HCCO_(), NH2OH_Sens_HOF_CH2CO_(), NH2OH_Sens_HOF_HCCOH_(), NH2OH_Sens_HOF_N_(), NH2OH_Sens_HOF_NH_(), NH2OH_Sens_HOF_NH2_(), NH2OH_Sens_HOF_NH3_(), NH2OH_Sens_HOF_NNH_(), NH2OH_Sens_HOF_NO_(), NH2OH_Sens_HOF_NO2_(), NH2OH_Sens_HOF_N2O_(), NH2OH_Sens_HOF_HNO_(), NH2OH_Sens_HOF_CN_(), NH2OH_Sens_HOF_HCN_(), NH2OH_Sens_HOF_H2CN_(), NH2OH_Sens_HOF_HCNN_(), NH2OH_Sens_HOF_HCNO_(), NH2OH_Sens_HOF_HOCN_(), NH2OH_Sens_HOF_HNCO_(), NH2OH_Sens_HOF_NCO_(), NH2OH_Sens_HOF_N2_(), NH2OH_Sens_HOF_C3H8_(), NH2OH_Sens_HOF_CH2CHO_(), NH2OH_Sens_HOF_CH3CHO_(), NH2OH_Sens_HOF_H2NO_(), NH2OH_Sens_HOF_N2H2_(), NH2OH_Sens_HOF_HONO_(), NH2OH_Sens_HOF_N2H3_(), NH2OH_Sens_HOF_N2H4_(), NH2OH_Sens_HOF_NH2OH_()
0.000000e+00, -6.385426e-03, 3.142691e-02, 0.000000e+00, 1.298907e-02, -3.728486e+00, -6.669027e+01, 3.552012e+00, 2.733341e+00, 9.628341e-01, 1.989721e-02, 1.584559e-01, -3.617080e+00, -5.160776e-02, 6.890599e-03, 0.000000e+00, 0.000000e+00, 3.836115e-02, 0.000000e+00, -3.460994e-02, -4.984879e-02, 1.874634e-01, 4.824795e-03, 0.000000e+00, 0.000000e+00, -2.585820e-03, -2.412700e+03, 1.025111e-01, 1.663408e+03, 3.650936e+01, -3.763447e-02
2.564103e-02, -6.385426e-03, 3.142691e-02, 0.000000e+00, 1.298907e-02, -3.728486e+00, -6.669027e+01, 3.552012e+00, 2.733341e+00, 9.628341e-01, 1.989721e-02, 1.584559e-01, -3.617080e+00, -5.160776e-02, 6.890599e-03, 0.000000e+00, 0.000000e+00, 3.836115e-02, 0.000000e+00, -3.460994e-02, -4.984879e-02, 1.874634e-01, 4.824795e-03, 0.000000e+00, 0.000000e+00, -2.585820e-03, -2.412700e+03, 1.025111e-01, 1.663408e+03, 3.650936e+01, -3.763447e-02
5.128205e-02, -6.404703e-03, 3.152183e-02, 0.000000e+00, 1.302836e-02, -3.739741e+00, -6.689136e+01, 3.562740e+00, 2.741594e+00, 9.657569e-01, 1.995717e-02, 1.589340e-01, -3.628011e+00, -5.176256e-02, 6.911170e-03, 0.000000e+00, 0.000000e+00, 3.847606e-02, 0.000000e+00, -3.471454e-02, -4.999912e-02, 1.880268e-01, 4.839356e-03, 0.000000e+00, 0.000000e+00, -2.593613e-03, -2.418961e+03, 1.028202e-01, 1.667714e+03, 3.661943e+01, -3.774795e-02
7.692308e-02, -6.488281e-03, 3.193335e-02, 0.000000e+00, 1.319870e-02, -3.788539e+00, -6.776322e+01, 3.609255e+00, 2.777373e+00, 9.784283e-01, 2.021711e-02, 1.610065e-01, -3.675403e+00, -5.243378e-02, 7.000372e-03, 0.000000e+00, 0.000000e+00, 3.897433e-02, 0.000000e+00, -3.516805e-02, -5.065089e-02, 1.904695e-01, 4.902486e-03, 0.000000e+00, 0.000000e+00, -2.627401e-03, -2.446107e+03, 1.041603e-01, 1.686383e+03, 3.709668e+01, -3.823991e-02
1.025641e-01, -6.852688e-03, 3.372740e-02, 0.000000e+00, 1.394101e-02, -4.001307e+00, -7.156591e+01, 3.812033e+00, 2.933370e+00, 1.033591e+00, 2.135110e-02, 1.700446e-01, -3.881974e+00, -5.536562e-02, 7.390521e-03, 0.000000e+00, 0.000000e+00, 4.115158e-02, 0.000000e+00, -3.714479e-02, -5.349354e-02, 2.011335e-01, 5.177765e-03, 0.000000e+00, 1.038441e-03, -2.774791e-03, -2.564508e+03, 1.100055e-01, 1.767811e+03, 3.917830e+01, -4.038570e-02
1.282051e-01, -8.867736e-03, 4.364692e-02, 0.000000e+00, 1.804391e-02, -5.177860e+00, -9.259911e+01, 4.933208e+00, 3.795966e+00, 1.338248e+00, 2.762432e-02, 2.200309e-01, -5.023980e+00, -7.160102e-02, 9.553305e-03, 1.119009e-03, 0.000000e+00, 5.321193e-02, 0.000000e+00, -4.807267e-02, -6.921617e-02, 2.601617e-01, 6.700076e-03, 0.000000e+00, 1.343563e-03, -3.590121e-03, -3.219429e+03, 1.423361e-01, 2.218219e+03, 5.069230e+01, -5.225461e-02
1.538462e-01, 5.610968e-02, -2.762014e-01, -4.779457e-03, -1.142265e-01, 3.276176e+01, 5.857394e+02, -3.121811e+01, -2.401913e+01, -8.479087e+00, -1.747093e-01, -1.391974e+00, 3.179667e+01, 4.523387e-01, -6.028330e-02, -7.077191e-03, 1.076814e-03, -3.360565e-01, -1.797147e-03, 3.042597e-01, 4.378438e-01, -1.644325e+00, -4.239055e-02, -2.863665e-03, -8.497576e-03, 2.270660e-02, 1.790344e+04, -9.003532e-01, -1.230861e+04, -3.206483e+02, 3.305317e-01
1.794872e-01, 2.107991e-03, -1.037855e-02, 0.000000e+00, -4.294914e-03, 1.230790e+00, 2.199477e+01, -1.173075e+00, -9.024162e-01, -3.192807e-01, -6.558537e-03, -5.227941e-02, 1.195078e+00, 1.694884e-02, -2.254343e-03, 0.000000e+00, 0.000000e+00, -1.258486e-02, 0.000000e+00, 1.143616e-02, 1.644212e-02, -6.166017e-02, -1.592353e-03, 0.000000e+00, 0.000000e+00, 0.000000e+00, 3.494565e+02, -3.380867e-02, -2.362161e+02, -1.203998e+01, 1.241117e-02
2.051282e-01, 1.305399e-03, -6.426803e-03, 0.000000e+00, -2.659232e-03, 7.621872e-01, 1.362192e+01, -7.264110e-01, -5.588324e-01, -1.976263e-01, -4.062105e-03, -3.237667e-02, 7.400030e-01, 1.050149e-02, -1.397352e-03, 0.000000e+00, 0.000000e+00, -7.798450e-03, 0.000000e+00, 7.081300e-03, 1.018291e-02, -3.819864e-02, 0.000000e+00, 0.000000e+00, 0.000000e+00, 0.000000e+00, 8.863799e+01, -2.093856e-02, -5.684209e+01, -7.456730e+00, 7.686607e-03
2.307692e-01, 1.115072e-03, -5.488255e-03, 0.000000e+00, -2.268710e-03, 6.510914e-01, 1.164453e+01, -6.203104e-01, -4.773324e-01, -1.682326e-01, -3.473932e-03, -2.766871e-02, 6.317081e-01, 9.006248e-03, -1.201925e-03, 0.000000e+00, 0.000000e+00, -6.693629e-03, 0.000000e+00, 6.044554e-03, 8.704024e-03, -3.272157e-02, 0.000000e+00, 0.000000e+00, 0.000000e+00, 0.000000e+00, 2.685205e+01, -1.789907e-02, -1.434714e+01, -6.374694e+00, 6.571155e-03
2.564103e-01, 1.055465e-03, -5.192428e-03, 0.000000e+00, -2.142908e-03, 6.163378e-01, 1.103611e+01, -5.868455e-01, -4.517790e-01, -1.583039e-01, -3.294824e-03, -2.620997e-02, 5.972908e-01, 8.582733e-03, -1.151085e-03, 0.000000e+00, 0.000000e+00, -6.387789e-03, 0.000000e+00, 5.714517e-03, 8.248089e-03, -3.112136e-02, 0.000000e+00, 0.000000e+00, 0.000000e+00, 0.000000e+00, 7.775785e+00, -1.696383e-02, -1.225768e+00, -6.042259e+00, 6.228379e-03
2.820513e-01, 1.034828e-03, -5.087634e-03, 0.000000e+00, -2.094971e-03, 6.043540e-01, 1.083904e+01, -5.749629e-01, -4.428949e-01, -1.539611e-01, -3.239187e-03, -2.572455e-02, 5.847465e-01, 8.492120e-03, -1.146453e-03, 0.000000e+00, 0.000000e+00, -6.332166e-03, 0.000000e+00, 5.593551e-03, 8.099266e-03, -3.071136e-02, 0.000000e+00, 0.000000e+00, 0.000000e+00, 0.000000e+00, 1.598360e+00, -1.666087e-02, 3.023740e+00, -5.935214e+00, 6.117909e-03
3.076923e-01, 1.026462e-03, -5.042423e-03, 0.000000e+00, -2.070494e-03, 5.995525e-01, 1.077479e+01, -5.698050e-01, -4.392512e-01, -1.511580e-01, -3.223978e-03, -2.555039e-02, 5.789379e-01, 8.519920e-03, -1.159517e-03, 0.000000e+00, 0.000000e+00, -6.367524e-03, 0.000000e+00, 5.536799e-03, 8.049345e-03, -3.071108e-02, 0.000000e+00, 0.000000e+00, 0.000000e+00, 0.000000e+00, -3.823130e-01, -1.656209e-02, 4.386428e+00, -5.901098e+00, 6.082584e-03
3.333333e-01, 1.021689e-03, -5.014027e-03, 0.000000e+00, -2.051720e-03, 5.968670e-01, 1.075305e+01, -5.665372e-01, -4.371321e-01, -1.485647e-01, -3.222303e-03, -2.547259e-02, 5.749344e-01, 8.597301e-03, -1.181214e-03, 0.000000e+00, 0.000000e+00, -6.442901e-03, 0.000000e+00, 5.497067e-03, 8.030787e-03, -3.086910e-02, 0.000000e+00, 0.000000e+00, 0.000000e+00, 0.000000e+00, -1.002659e+00, -1.652863e-02, 4.813293e+00, -5.890478e+00, 6.071446e-03
3.589744e-01, 1.017653e-03, -4.988316e-03, 0.000000e+00, -2.032708e-03, 5.946309e-01, 1.074438e+01, -5.635618e-01, -4.353137e-01, -1.457239e-01, -3.225449e-03, -2.542084e-02, 5.710993e-01, 8.702828e-03, -1.208844e-03, 0.000000e+00, 0.000000e+00, -6.542616e-03, 0.000000e+00, 5.458673e-03, 8.021558e-03, -3.110580e-02, 0.000000e+00, 0.000000e+00, 0.000000e+00, 0.000000e+00, -1.191829e+00, -1.651526e-02, 4.943508e+00, -5.887260e+00, 6.067901e-03
3.846154e-01, 1.013408e-03, -4.960557e-03, 0.000000e+00, -2.011383e-03, 5.922942e-01, 1.073939e+01, -5.603428e-01, -4.333901e-01, -1.424612e-01, -3.230695e-03, -2.537239e-02, 5.668753e-01, 8.830833e-03, -1.241844e-03, 0.000000e+00, 0.000000e+00, -6.662761e-03, 0.000000e+00, 5.416260e-03, 8.014598e-03, -3.139851e-02, 0.000000e+00, 0.000000e+00, 0.000000e+00, 0.000000e+00, -1.247193e+00, -1.650753e-02, 4.981659e+00, -5.886323e+00, 6.066668e-03
4.102564e-01, 1.008622e-03, -4.929017e-03, 0.000000e+00, -1.986896e-03, 5.896643e-01, 1.073514e+01, -5.566832e-01, -4.312175e-01, -1.386909e-01, -3.237255e-03, -2.531974e-02, 5.620489e-01, 8.980830e-03, -1.280364e-03, 0.000000e+00, 0.000000e+00, -6.803314e-03, 0.000000e+00, 5.367760e-03, 8.007663e-03, -3.174312e-02, 0.000000e+00, 0.000000e+00, 0.000000e+00, 0.000000e+00, -1.261537e+00, -1.650093e-02, 4.991587e+00, -5.886081e+00, 6.066108e-03
4.358974e-01, 1.003150e-03, -4.892885e-03, 0.000000e+00, -1.958764e-03, 5.866592e-01, 1.073069e+01, -5.524902e-01, -4.287325e-01, -1.343524e-01, -3.244951e-03, -2.526015e-02, 5.565116e-01, 9.154044e-03, -1.324804e-03, 0.000000e+00, 0.000000e+00, -6.965553e-03, 0.000000e+00, 5.312103e-03, 8.000013e-03, -3.214154e-02, 0.000000e+00, 0.000000e+00, 0.000000e+00, 0.000000e+00, -1.263210e+00, -1.649402e-02, 4.992805e+00, -5.886053e+00, 6.065719e-03
4.615385e-01, 0.000000e+00, -4.851611e-03, 0.000000e+00, -1.926606e-03, 5.832286e-01, 1.072574e+01, -5.477003e-01, -4.258949e-01, -1.293909e-01, -3.253795e-03, -2.519230e-02, 5.501839e-01, 9.352312e-03, -1.375658e-03, 0.000000e+00, 0.000000e+00, -7.151241e-03, 0.000000e+00, 5.248499e-03, 7.991360e-03, -3.259774e-02, 0.000000e+00, 0.000000e+00, 0.000000e+00, 0.000000e+00, -1.260734e+00, -1.648633e-02, 4.991175e+00, -5.886093e+00, 6.065351e-03
4.871795e-01, 0.000000e+00, -4.804706e-03, 0.000000e+00, -1.890053e-03, 5.793305e-01, 1.072015e+01, -5.422568e-01, -4.226705e-01, -1.237507e-01, -3.263862e-03, -2.511525e-02, 5.429921e-01, 9.577754e-03, -1.433477e-03, 0.000000e+00, 0.000000e+00, -7.362372e-03, 0.000000e+00, 5.176207e-03, 7.981551e-03, -3.311650e-02, 0.000000e+00, 0.000000e+00, 0.000000e+00, 0.000000e+00, -1.256623e+00, -1.647764e-02, 4.988430e+00, -5.886160e+00, 6.064954e-03
5.128205e-01, 0.000000e+00, -4.751673e-03, 0.000000e+00, -1.848722e-03, 5.749234e-01, 1.071384e+01, -5.361024e-01, -4.190250e-01, -1.173733e-01, -3.275247e-03, -2.502815e-02, 5.348606e-01, 9.832675e-03, -1.498856e-03, 0.000000e+00, 0.000000e+00, -7.601111e-03, 0.000000e+00, 5.094470e-03, 7.970467e-03, -3.370312e-02, 0.000000e+00, 0.000000e+00, 0.000000e+00, 0.000000e+00, -1.251590e+00, -1.646783e-02, 4.985062e+00, -5.886243e+00, 6.064512e-03
5.384615e-01, 0.000000e+00, -4.691994e-03, 0.000000e+00, -1.802209e-03, 5.699639e-01, 1.070674e+01, -5.291770e-01, -4.149226e-01, -1.101965e-01, -3.288059e-03, -2.493014e-02, 5.257100e-01, 1.011955e-02, -1.572430e-03, 0.000000e+00, 0.000000e+00, -7.869782e-03, 0.000000e+00, 5.002488e-03, 7.957992e-03, -3.436330e-02, 0.000000e+00, 0.000000e+00, 0.000000e+00, 0.000000e+00, -1.245810e+00, -1.645680e-02, 4.981191e+00, -5.886337e+00, 6.064016e-03
5.641026e-01, 0.000000e+00, -4.625115e-03, 0.000000e+00, -1.750079e-03, 5.644060e-01, 1.069878e+01, -5.214162e-01, -4.103251e-01, -1.021537e-01, -3.302416e-03, -2.482030e-02, 5.154553e-01, 1.044104e-02, -1.654879e-03, 0.000000e+00, 0.000000e+00, -8.170870e-03, 0.000000e+00, 4.899406e-03, 7.944009e-03, -3.510316e-02, 0.000000e+00, 0.000000e+00, 0.000000e+00, 0.000000e+00, -1.239298e+00, -1.644443e-02, 4.976830e+00, -5.886444e+00, 6.063461e-03
5.897436e-01, 0.000000e+00, -4.550448e-03, 0.000000e+00, -1.691867e-03, 5.582007e-01, 1.068989e+01, -5.127520e-01, -4.051923e-01, -9.317424e-02, -3.318440e-03, -2.469766e-02, 5.040063e-01, 1.079997e-02, -1.746924e-03, 0.000000e+00, 0.000000e+00, -8.507020e-03, 0.000000e+00, 4.784319e-03, 7.928390e-03, -3.592925e-02, 0.000000e+00, 0.000000e+00, 0.000000e+00, 0.000000e+00, -1.232015e+00, -1.643062e-02, 4.971952e+00, -5.886563e+00, 6.062841e-03
6.153846e-01, 0.000000e+00, -4.467383e-03, 0.000000e+00, -1.627075e-03, 5.512969e-01, 1.068000e+01, -5.031128e-01, -3.994818e-01, -8.318466e-02, -3.336257e-03, -2.456117e-02, 4.912696e-01, 1.119925e-02, -1.849317e-03, 0.000000e+00, 0.000000e+00, -8.880974e-03, 0.000000e+00, 4.656290e-03, 7.911005e-03, -3.684841e-02, 0.000000e+00, 0.000000e+00, 0.000000e+00, 0.000000e+00, -1.223909e+00, -1.641525e-02, 4.966522e+00, -5.886696e+00, 6.062152e-03
6.410256e-01, 0.000000e+00, -4.375337e-03, 0.000000e+00, -1.555173e-03, 5.436454e-01, 1.066902e+01, -4.924276e-01, -3.931533e-01, -7.211427e-02, -3.355980e-03, -2.440977e-02, 4.771554e-01, 1.164172e-02, -1.962775e-03, 0.000000e+00, 0.000000e+00, -9.295358e-03, 0.000000e+00, 4.514425e-03, 7.891731e-03, -3.786745e-02, 0.000000e+00, 0.000000e+00, 0.000000e+00, 0.000000e+00, -1.214923e+00, -1.639821e-02, 4.960503e+00, -5.886843e+00, 6.061388e-03
6.666667e-01, 0.000000e+00, -4.273908e-03, 0.000000e+00, -1.475628e-03, 5.352109e-01, 1.065692e+01, -4.806380e-01, -3.861781e-01, -5.991378e-02, -3.377660e-03, -2.424246e-02, 4.616019e-01, 1.212932e-02, -2.087798e-03, 0.000000e+00, 0.000000e+00, -9.751953e-03, 0.000000e+00, 4.358140e-03, 7.870500e-03, -3.899180e-02, 0.000000e+00, 0.000000e+00, 0.000000e+00, 0.000000e+00, -1.205019e+00, -1.637941e-02, 4.953869e+00, -5.887005e+00, 6.060545e-03
6.923077e-01, 0.000000e+00, -4.163366e-03, 0.000000e+00, -1.387967e-03, 5.260103e-01, 1.064370e+01, -4.677352e-01, -3.785718e-01, -4.661204e-02, -3.401140e-03, -2.405863e-02, 4.446497e-01, 1.266091e-02, -2.224087e-03, 0.000000e+00, 0.000000e+00, -1.024948e-02, 0.000000e+00, 4.187959e-03, 7.847447e-03, -4.022153e-02, 0.000000e+00, 0.000000e+00, 0.000000e+00, 0.000000e+00, -1.194222e+00, -1.635888e-02, 4.946638e+00, -5.887182e+00, 6.059623e-03
7.179487e-01, 0.000000e+00, -4.046058e-03, 0.000000e+00, -1.291984e-03, 5.162232e-01, 1.062965e+01, -4.538683e-01, -3.704877e-01, -3.248136e-02, -3.425637e-03, -2.385900e-02, 4.266567e-01, 1.322562e-02, -2.368864e-03, 0.000000e+00, 0.000000e+00, -1.077716e-02, 0.000000e+00, 4.007846e-03, 7.823339e-03, -4.153971e-02, 0.000000e+00, 0.000000e+00, 0.000000e+00, 0.000000e+00, -1.182759e+00, -1.633700e-02, 4.938961e+00, -5.887371e+00, 6.058635e-03
7.435897e-01, 0.000000e+00, -3.930319e-03, 0.000000e+00, -1.188271e-03, 5.064986e-01, 1.061577e+01, -4.396384e-01, -3.624756e-01, -1.849516e-02, -3.448572e-03, -2.364809e-02, 4.088960e-01, 1.378473e-02, -2.512231e-03, 0.000000e+00, 0.000000e+00, -1.129685e-02, 0.000000e+00, 3.831672e-03, 7.800793e-03, -4.288024e-02, 0.000000e+00, 0.000000e+00, 0.000000e+00, 0.000000e+00, -1.171437e+00, -1.631518e-02, 4.931382e+00, -5.887560e+00, 6.057633e-03
7.564103e-01, 0.000000e+00, -3.863338e-03, 0.000000e+00, -1.117392e-03, 5.007875e-01, 1.060770e+01, -4.307481e-01, -3.577947e-01, -1.034718e-02, -3.460343e-03, -2.350924e-02, 3.986070e-01, 1.411060e-02, -2.595807e-03, 0.000000e+00, 0.000000e+00, -1.159649e-02, 0.000000e+00, 3.731529e-03, 7.789185e-03, -4.370428e-02, 0.000000e+00, 0.000000e+00, 0.000000e+00, 0.000000e+00, -1.164875e+00, -1.630224e-02, 4.926992e+00, -5.887674e+00, 6.057020e-03
7.692308e-01, 0.000000e+00, -3.806961e-03, 0.000000e+00, -1.036527e-03, 4.958217e-01, 1.060092e+01, -4.219645e-01, -3.537707e-01, -3.385097e-03, -3.467379e-03, -2.335953e-02, 3.899283e-01, 1.438951e-02, -2.667436e-03, 0.000000e+00, 0.000000e+00, -1.184647e-02, 0.000000e+00, 3.650863e-03, 7.782426e-03, -4.449182e-02, 0.000000e+00, 0.000000e+00, 0.000000e+00, 0.000000e+00, -1.159333e+00, -1.629083e-02, 4.923292e+00, -5.887776e+00, 6.056438e-03
7.820513e-01, 0.000000e+00, -3.789394e-03, 0.000000e+00, 0.000000e+00, 4.938498e-01, 1.059889e+01, -4.157061e-01, -3.522917e-01, 0.000000e+00, -3.461895e-03, -2.322440e-02, 3.871751e-01, 1.448906e-02, -2.693302e-03, 0.000000e+00, 0.000000e+00, -1.191834e-02, 0.000000e+00, 3.635547e-03, 7.788606e-03, -4.498995e-02, 0.000000e+00, 0.000000e+00, 0.000000e+00, 0.000000e+00, -1.157562e+00, -1.628592e-02, 4.922129e+00, -5.887827e+00, 6.056082e-03
7.948718e-01, 0.000000e+00, -3.848684e-03, 0.000000e+00, 0.000000e+00, 4.978685e-01, 1.060634e+01, -4.149197e-01, -3.558852e-01, -7.464512e-03, -3.432720e-03, -2.313029e-02, 3.961649e-01, 1.423174e-02, -2.628120e-03, 0.000000e+00, 0.000000e+00, -1.163828e-02, 0.000000e+00, 3.748350e-03, 7.819415e-03, -4.487988e-02, 0.000000e+00, 0.000000e+00, 0.000000e+00, 0.000000e+00, -1.163275e+00, -1.629412e-02, 4.925997e+00, -5.887774e+00, 6.056195e-03
8.076923e-01, 0.000000e+00, -4.038563e-03, 0.000000e+00, 0.000000e+00, 5.120882e-01, 1.062994e+01, -4.235752e-01, -3.681086e-01, -2.925983e-02, -3.363682e-03, -2.310982e-02, 4.251108e-01, 1.336760e-02, -2.408144e-03, 0.000000e+00, 0.000000e+00, -1.076051e-02, 0.000000e+00, 4.078432e-03, 7.891837e-03, -4.372480e-02, 0.000000e+00, 0.000000e+00, 0.000000e+00, 0.000000e+00, -1.181716e+00, -1.632470e-02, 4.938421e+00, -5.887543e+00, 6.057115e-03
8.205128e-01, 0.000000e+00, -4.426826e-03, 0.000000e+00, 0.000000e+00, 5.418102e-01, 1.067815e+01, -4.465687e-01, -3.934442e-01, -7.425070e-02, -3.234146e-03, -2.320127e-02, 4.843748e-01, 1.158167e-02, -1.953067e-03, 0.000000e+00, 0.000000e+00, -8.974652e-03, 0.000000e+00, 4.738597e-03, 8.027619e-03, -4.098122e-02, 0.000000e+00, 0.000000e+00, 0.000000e+00, 0.000000e+00, -1.219504e+00, -1.638929e-02, 4.963851e+00, -5.887043e+00, 6.059265e-03
8.333333e-01, 1.036509e-03, -5.078916e-03, 0.000000e+00, 0.000000e+00, 5.921441e-01, 1.075917e+01, -4.885205e-01, -4.362126e-01, -1.500859e-01, -3.023967e-03, -2.343884e-02, 5.839594e-01, 8.570276e-03, -1.185488e-03, 0.000000e+00, 0.000000e+00, -5.980824e-03, 0.000000e+00, 5.838003e-03, 8.248079e-03, -3.613152e-02, 0.000000e+00, 0.000000e+00, 0.000000e+00, 0.000000e+00, -1.283029e+00, -1.649905e-02, 5.006582e+00, -5.886190e+00, 6.063052e-03
8.397436e-01, 1.110196e-03, -5.554763e-03, 0.000000e+00, 0.000000e+00, 6.289886e-01, 1.081833e+01, -5.199994e-01, -4.674779e-01, -2.054980e-01, -2.872487e-03, -2.363361e-02, 6.566414e-01, 6.369766e-03, 0.000000e+00, 0.000000e+00, 0.000000e+00, -3.797497e-03, 0.000000e+00, 6.637574e-03, 8.407000e-03, -3.252978e-02, 0.000000e+00, 0.000000e+00, 0.000000e+00, 0.000000e+00, -1.329401e+00, -1.657944e-02, 5.037772e+00, -5.885570e+00, 6.065871e-03
8.461538e-01, 1.201376e-03, -6.143613e-03, 0.000000e+00, 0.000000e+00, 6.746400e-01, 1.089158e+01, -5.593532e-01, -5.061944e-01, -2.741071e-01, -2.685893e-03, -2.388429e-02, 7.465912e-01, 3.645291e-03, 0.000000e+00, 0.000000e+00, 0.000000e+00, -1.096172e-03, 0.000000e+00, 7.625665e-03, 8.602818e-03, -2.804324e-02, 0.000000e+00, 0.000000e+00, 0.000000e+00, 0.000000e+00, -1.386792e+00, -1.667900e-02, 5.076370e+00, -5.884804e+00, 6.069387e-03
8.525641e-01, 1.308206e-03, -6.833476e-03, 0.000000e+00, 0.000000e+00, 7.281691e-01, 1.097747e+01, -6.057401e-01, -5.515716e-01, -3.545166e-01, -2.467867e-03, -2.418447e-02, 8.519781e-01, 0.000000e+00, 0.000000e+00, 0.000000e+00, 0.000000e+00, 2.068332e-03, 0.000000e+00, 8.782218e-03, 8.831720e-03, -2.276598e-02, 0.000000e+00, 0.000000e+00, 0.000000e+00, 0.000000e+00, -1.454032e+00, -1.679563e-02, 5.121590e+00, -5.883914e+00, 6.073537e-03
8.557692e-01, 1.368021e-03, -7.219700e-03, 0.000000e+00, 0.000000e+00, 7.581545e-01, 1.102558e+01, -6.317869e-01, -5.769814e-01, -3.995442e-01, -2.345940e-03, -2.435407e-02, 9.109814e-01, -1.335251e-03, 1.339717e-03, 0.000000e+00, 0.000000e+00, 3.839990e-03, 0.000000e+00, 9.429304e-03, 8.959758e-03, -1.980587e-02, 0.000000e+00, 0.000000e+00, 0.000000e+00, 0.000000e+00, -1.491679e+00, -1.686089e-02, 5.146907e+00, -5.883422e+00, 6.075876e-03
8.589744e-01, 1.432035e-03, -7.633011e-03, 0.000000e+00, 0.000000e+00, 7.902522e-01, 1.107710e+01, -6.596952e-01, -6.041756e-01, -4.477355e-01, -2.215502e-03, -2.453610e-02, 9.741237e-01, -3.248444e-03, 1.827444e-03, 0.000000e+00, 0.000000e+00, 5.735940e-03, 0.000000e+00, 1.012150e-02, 9.096746e-03, -1.663566e-02, 0.000000e+00, 0.000000e+00, 0.000000e+00, 0.000000e+00, -1.531965e+00, -1.693070e-02, 5.174000e+00, -5.882900e+00, 6.078391e-03
8.621795e-01, 1.499708e-03, -8.069902e-03, 0.000000e+00, 0.000000e+00, 8.241901e-01, 1.113157e+01, -6.892213e-01, -6.329229e-01, -4.986815e-01, -2.077630e-03, -2.472873e-02, 1.040869e+00, -5.270817e-03, 2.342998e-03, 0.000000e+00, 0.000000e+00, 7.740116e-03, 0.000000e+00, 1.085290e-02, 9.241553e-03, -1.328293e-02, -1.028556e-03, 0.000000e+00, 0.000000e+00, 0.000000e+00, -1.574551e+00, -1.700442e-02, 5.202640e+00, -5.882356e+00, 6.081063e-03
8.653846e-01, 1.570519e-03, -8.526984e-03, 0.000000e+00, 0.000000e+00, 8.597052e-01, 1.118858e+01, -7.201315e-01, -6.629997e-01, -5.519869e-01, -1.933363e-03, -2.493022e-02, 1.110701e+00, -7.386637e-03, 2.882367e-03, 0.000000e+00, 0.000000e+00, 9.836992e-03, 0.000000e+00, 1.161780e-02, 9.393085e-03, -9.774340e-03, -1.066921e-03, 0.000000e+00, 0.000000e+00, 0.000000e+00, -1.619106e+00, -1.708150e-02, 5.232604e+00, -5.881799e+00, 6.083880e-03
8.685897e-01, 1.643970e-03, -9.001030e-03, 0.000000e+00, 0.000000e+00, 8.965467e-01, 1.124774e+01, -7.522053e-01, -6.941932e-01, -6.072749e-01, -1.783693e-03, -2.513890e-02, 1.183124e+00, -9.580890e-03, 3.441720e-03, 0.000000e+00, 0.000000e+00, 1.201175e-02, 0.000000e+00, 1.241070e-02, 9.550303e-03, -6.135347e-03, -1.106710e-03, 0.000000e+00, 0.000000e+00, 0.000000e+00, -1.665317e+00, -1.716137e-02, 5.263685e+00, -5.881238e+00, 6.086832e-03
8.717949e-01, 1.719594e-03, -9.488968e-03, 0.000000e+00, 0.000000e+00, 9.344758e-01, 1.130864e+01, -7.852380e-01, -7.263005e-01, -6.641870e-01, -1.629562e-03, -2.535317e-02, 1.257670e+00, -1.183927e-02, 4.017409e-03, 0.000000e+00, 0.000000e+00, 1.425029e-02, 0.000000e+00, 1.322631e-02, 9.712220e-03, -2.390182e-03, -1.147668e-03, 0.000000e+00, 0.000000e+00, 0.000000e+00, -1.712888e+00, -1.724351e-02, 5.295684e+00, -5.880688e+00, 6.089917e-03
8.750000e-01, 1.796941e-03, -9.987833e-03, 0.000000e+00, 0.000000e+00, 9.732610e-01, 1.137093e+01, -8.190394e-01, -7.591258e-01, -7.223769e-01, -1.471884e-03, -2.557149e-02, 1.333885e+00, -1.414793e-02, 4.605899e-03, 0.000000e+00, 0.000000e+00, 1.653896e-02, 0.000000e+00, 1.405941e-02, 9.877897e-03, 1.437718e-03, -1.189544e-03, 0.000000e+00, 0.000000e+00, 0.000000e+00, -1.761534e+00, -1.732743e-02, 5.328415e+00, -5.880171e+00, 6.093145e-03
8.782051e-01, 1.875571e-03, -1.049464e-02, 0.000000e+00, 0.000000e+00, 1.012667e+00, 1.143424e+01, -8.534298e-01, -7.924713e-01, -7.814960e-01, -1.311579e-03, -2.579227e-02, 1.411313e+00, -1.649286e-02, 5.203614e-03, 0.000000e+00, 0.000000e+00, 1.886397e-02, 0.000000e+00, 1.490455e-02, 1.004641e-02, 5.324675e-03, -1.232090e-03, 0.000000e+00, 0.000000e+00, 0.000000e+00, -1.810973e+00, -1.741260e-02, 5.361695e+00, -5.879721e+00, 6.096548e-03
8.814103e-01, 1.955018e-03, -1.100616e-02, 0.000000e+00, 0.000000e+00, 1.052439e+00, 1.149817e+01, -8.882295e-01, -8.261226e-01, -8.411669e-01, -1.149649e-03, -2.601362e-02, 1.489461e+00, -1.885879e-02, 5.806656e-03, 0.000000e+00, 0.000000e+00, 2.121039e-02, 0.000000e+00, 1.575558e-02, 1.021680e-02, 9.244945e-03, -1.275033e-03, 0.000000e+00, 0.000000e+00, 0.000000e+00, -1.860893e+00, -1.749845e-02, 5.395329e+00, -5.879398e+00, 6.100194e-03
8.846154e-01, 2.034756e-03, -1.151860e-02, 0.000000e+00, 0.000000e+00, 1.092269e+00, 1.156233e+01, -9.232426e-01, -8.598253e-01, -9.009449e-01, 0.000000e+00, -2.623313e-02, 1.567747e+00, -2.122762e-02, 6.410393e-03, 0.000000e+00, 0.000000e+00, 2.356056e-02, 0.000000e+00, 1.660491e-02, 1.038799e-02, 1.316797e-02, -1.318052e-03, 0.000000e+00, 0.000000e+00, 0.000000e+00, -1.910922e+00, -1.758425e-02, 5.429092e+00, -5.879300e+00, 6.104209e-03
8.878205e-01, 2.114139e-03, -1.202717e-02, 0.000000e+00, 0.000000e+00, 1.131769e+00, 1.162625e+01, -9.582321e-01, -8.932568e-01, -9.602680e-01, 0.000000e+00, -2.644743e-02, 1.645436e+00, -2.357627e-02, 7.008930e-03, 0.000000e+00, 0.000000e+00, 2.589214e-02, 0.000000e+00, 1.744259e-02, 1.055870e-02, 1.705489e-02, -1.360742e-03, 0.000000e+00, 0.000000e+00, 0.000000e+00, -1.960558e+00, -1.766901e-02, 5.462691e+00, -5.879592e+00, 6.108812e-03
8.910256e-01, 2.192343e-03, -1.252571e-02, 0.000000e+00, 0.000000e+00, 1.170433e+00, 1.168950e+01, -9.928905e-01, -9.259951e-01, -1.018404e+00, 0.000000e+00, -2.665179e-02, 1.721567e+00, -2.587457e-02, 7.594540e-03, 0.000000e+00, 0.000000e+00, 2.817600e-02, 0.000000e+00, 1.825532e-02, 1.072735e-02, 2.085475e-02, -1.402567e-03, 0.000000e+00, 0.000000e+00, 0.000000e+00, -2.009097e+00, -1.775147e-02, 5.495729e+00, -5.880533e+00, 6.114357e-03
8.926282e-01, 2.230656e-03, -1.276850e-02, 0.000000e+00, 0.000000e+00, 1.189223e+00, 1.172078e+01, -1.009968e+00, -9.419132e-01, -1.046697e+00, 0.000000e+00, -2.674774e-02, 1.758616e+00, -2.699104e-02, 7.878965e-03, 0.000000e+00, 0.000000e+00, 2.928690e-02, 0.000000e+00, 1.864592e-02, 1.081026e-02, 2.269870e-02, -1.422913e-03, 0.000000e+00, 0.000000e+00, 0.000000e+00, -2.032606e+00, -1.779124e-02, 5.511851e+00, -5.881414e+00, 6.117720e-03
8.942308e-01, 2.268320e-03, -1.300605e-02, 0.000000e+00, 0.000000e+00, 1.207573e+00, 1.175182e+01, -1.026828e+00, -9.574655e-01, -1.074361e+00, 0.000000e+00, -2.683873e-02, 1.794840e+00, -2.808103e-02, 8.156603e-03, 0.000000e+00, 0.000000e+00, 3.037261e-02, 0.000000e+00, 1.902384e-02, 1.089201e-02, 2.449735e-02, -1.442798e-03, 0.000000e+00, 0.000000e+00, 0.000000e+00, -2.055477e+00, -1.782984e-02, 5.527640e+00, -5.882627e+00, 6.121560e-03
8.958333e-01, 2.305139e-03, -1.323693e-02, 0.000000e+00, 0.000000e+00, 1.225367e+00, 1.178260e+01, -1.043390e+00, -9.725519e-01, -1.101221e+00, 0.000000e+00, -2.692357e-02, 1.830010e+00, -2.913734e-02, 8.425608e-03, 0.000000e+00, 0.000000e+00, 3.142623e-02, 0.000000e+00, 1.938590e-02, 1.097223e-02, 2.623856e-02, -1.462094e-03, 0.000000e+00, 0.000000e+00, 0.000000e+00, -2.077519e+00, -1.786699e-02, 5.542988e+00, -5.884250e+00, 6.125989e-03
8.974359e-01, 2.340899e-03, -1.345958e-02, 0.000000e+00, 0.000000e+00, 1.242475e+00, 1.181310e+01, -1.059562e+00, -9.870629e-01, -1.127088e+00, 0.000000e+00, -2.700100e-02, 1.863876e+00, -3.015210e-02, 8.683966e-03, 0.000000e+00, 0.000000e+00, 3.244018e-02, 0.000000e+00, 1.972860e-02, 1.105051e-02, 2.790903e-02, -1.480660e-03, 0.000000e+00, 0.000000e+00, 0.000000e+00, -2.098516e+00, -1.790239e-02, 5.557778e+00, -5.886373e+00, 6.131133e-03
8.990385e-01, 2.375368e-03, -1.367229e-02, 0.000000e+00, 0.000000e+00, 1.258760e+00, 1.184333e+01, -1.075242e+00, -1.000880e+00, -1.151756e+00, 0.000000e+00, -2.706962e-02, 1.896168e+00, -3.111676e-02, 8.929496e-03, 0.000000e+00, 0.000000e+00, 3.340629e-02, 0.000000e+00, 2.004820e-02, 1.112642e-02, 2.949439e-02, -1.498341e-03, 0.000000e+00, 0.000000e+00, 0.000000e+00, -2.118233e+00, -1.793571e-02, 5.571881e+00, -5.889096e+00, 6.137139e-03
9.006410e-01, 2.408296e-03, -1.387321e-02, 0.000000e+00, 0.000000e+00, 1.274074e+00, 1.187335e+01, -1.090319e+00, -1.013878e+00, -1.175003e+00, 0.000000e+00, -2.712801e-02, 1.926597e+00, -3.202220e-02, 9.159863e-03, 0.000000e+00, 0.000000e+00, 3.431579e-02, 0.000000e+00, 2.034069e-02, 1.119948e-02, 3.097923e-02, -1.514975e-03, 0.000000e+00, 0.000000e+00, 0.000000e+00, -2.136414e+00, -1.796663e-02, 5.585157e+00, -5.892532e+00, 6.144172e-03
9.022436e-01, 2.439417e-03, -1.406035e-02, 0.000000e+00, 0.000000e+00, 1.288265e+00, 1.190322e+01, -1.104669e+00, -1.025922e+00, -1.196596e+00, 0.000000e+00, -2.717464e-02, 1.954854e+00, -3.285875e-02, 9.372593e-03, 0.000000e+00, 0.000000e+00, 3.515941e-02, 0.000000e+00, 2.060185e-02, 1.126919e-02, 3.234727e-02, -1.530385e-03, 0.000000e+00, 0.000000e+00, 0.000000e+00, -2.152789e+00, -1.799480e-02, 5.597458e+00, -5.896804e+00, 6.152417e-03
9.038462e-01, 2.468454e-03, -1.423160e-02, 0.000000e+00, 0.000000e+00, 1.301172e+00, 1.193305e+01, -1.118160e+00, -1.036874e+00, -1.216292e+00, 0.000000e+00, -2.720798e-02, 1.980621e+00, -3.361630e-02, 9.565103e-03, 0.000000e+00, 0.000000e+00, 3.592745e-02, 0.000000e+00, 2.082734e-02, 1.133500e-02, 3.358147e-02, -1.544388e-03, 0.000000e+00, 0.000000e+00, 0.000000e+00, -2.167074e+00, -1.801986e-02, 5.608629e+00, -5.902043e+00, 6.162077e-03
9.054487e-01, 2.495117e-03, -1.438473e-02, 0.000000e+00, 0.000000e+00, 1.312634e+00, 1.196300e+01, -1.130650e+00, -1.046590e+00, -1.233838e+00, 0.000000e+00, -2.722648e-02, 2.003565e+00, -3.428444e-02, 9.734733e-03, 0.000000e+00, 0.000000e+00, 3.660993e-02, 0.000000e+00, 2.101273e-02, 1.139637e-02, 3.466434e-02, -1.556791e-03, 0.000000e+00, 0.000000e+00, 0.000000e+00, -2.178983e+00, -1.804145e-02, 5.618512e+00, -5.908391e+00, 6.173371e-03
9.070513e-01, 2.519114e-03, -1.451742e-02, 0.000000e+00, 0.000000e+00, 1.322486e+00, 1.199325e+01, -1.141992e+00, -1.054925e+00, -1.248979e+00, 0.000000e+00, -2.722863e-02, 2.023352e+00, -3.485265e-02, 9.878791e-03, 0.000000e+00, 0.000000e+00, 3.719675e-02, 0.000000e+00, 2.115359e-02, 1.145272e-02, 3.557817e-02, -1.567402e-03, 0.000000e+00, 0.000000e+00, 0.000000e+00, -2.188232e+00, -1.805921e-02, 5.626950e+00, -5.915993e+00, 6.186536e-03
9.086538e-01, 2.540152e-03, -1.462736e-02, 0.000000e+00, 0.000000e+00, 1.330570e+00, 1.202403e+01, -1.152033e+00, -1.061738e+00, -1.261461e+00, 0.000000e+00, -2.721297e-02, 2.039649e+00, -3.531046e-02, 9.994604e-03, 0.000000e+00, 0.000000e+00, 3.767787e-02, 0.000000e+00, 2.124563e-02, 1.150344e-02, 3.630541e-02, -1.576023e-03, 0.000000e+00, 0.000000e+00, 0.000000e+00, -2.194546e+00, -1.807277e-02, 5.633792e+00, -5.924999e+00, 6.201821e-03
9.102564e-01, 2.557944e-03, -1.471225e-02, 0.000000e+00, 0.000000e+00, 1.336729e+00, 1.205562e+01, -1.160619e+00, -1.066888e+00, -1.271039e+00, 0.000000e+00, -2.717816e-02, 2.052131e+00, -3.564773e-02, 1.007958e-02, 0.000000e+00, 0.000000e+00, 3.804354e-02, 0.000000e+00, 2.128477e-02, 1.154796e-02, 3.682904e-02, -1.582463e-03, 0.000000e+00, 0.000000e+00, 0.000000e+00, -2.197671e+00, -1.808178e-02, 5.638894e+00, -5.935557e+00, 6.219483e-03
9.118590e-01, 2.572216e-03, -1.476992e-02, 0.000000e+00, 0.000000e+00, 1.340822e+00, 1.208832e+01, -1.167599e+00, -1.070245e+00, -1.277479e+00, 0.000000e+00, -2.712301e-02, 2.060494e+00, -3.585489e-02, 1.013126e-02, 0.000000e+00, 0.000000e+00, 3.828457e-02, 0.000000e+00, 2.126728e-02, 1.158572e-02, 3.713306e-02, -1.586539e-03, 0.000000e+00, 0.000000e+00, 0.000000e+00, -2.197380e+00, -1.808587e-02, 5.642128e+00, -5.947812e+00, 6.239789e-03
9.134615e-01, 2.582715e-03, -1.479840e-02, 0.000000e+00, 0.000000e+00, 1.342720e+00, 1.212246e+01, -1.172831e+00, -1.071691e+00, -1.280569e+00, 0.000000e+00, -2.704651e-02, 2.064458e+00, -3.592324e-02, 1.014744e-02, 0.000000e+00, 0.000000e+00, 3.839264e-02, 0.000000e+00, 2.118991e-02, 1.161616e-02, 3.720302e-02, -1.588079e-03, 0.000000e+00, 0.000000e+00, 0.000000e+00, -2.193488e+00, -1.808474e-02, 5.643384e+00, -5.961901e+00, 6.263003e-03
9.150641e-01, 2.589220e-03, -1.479599e-02, 0.000000e+00, 0.000000e+00, 1.342313e+00, 1.215839e+01, -1.176182e+00, -1.071126e+00, -1.280126e+00, 0.000000e+00, -2.694790e-02, 2.063783e+00, -3.584535e-02, 1.012621e-02, 0.000000e+00, 0.000000e+00, 3.836057e-02, 0.000000e+00, 2.105003e-02, 1.163882e-02, 3.702655e-02, -1.586935e-03, 0.000000e+00, 0.000000e+00, 0.000000e+00, -2.185853e+00, -1.807807e-02, 5.642576e+00, -5.977947e+00, 6.289386e-03
9.158654e-01, 2.590880e-03, -1.478251e-02, 0.000000e+00, 0.000000e+00, 1.341199e+00, 1.217719e+01, -1.177098e+00, -1.070046e+00, -1.278503e+00, 0.000000e+00, -2.688997e-02, 2.061605e+00, -3.574839e-02, 1.010075e-02, 0.000000e+00, 0.000000e+00, 3.828897e-02, 0.000000e+00, 2.095554e-02, 1.164703e-02, 3.684067e-02, -1.585292e-03, 0.000000e+00, 0.000000e+00, 0.000000e+00, -2.180575e+00, -1.807254e-02, 5.641364e+00, -5.986757e+00, 6.303884e-03
9.166667e-01, 2.591468e-03, -1.476077e-02, 0.000000e+00, 0.000000e+00, 1.339475e+00, 1.219659e+01, -1.177499e+00, -1.068431e+00, -1.275937e+00, 0.000000e+00, -2.682629e-02, 2.058190e+00, -3.561247e-02, 1.006533e-02, 0.000000e+00, 0.000000e+00, 3.818003e-02, 0.000000e+00, 2.084463e-02, 1.165313e-02, 3.658922e-02, -1.582927e-03, 0.000000e+00, 0.000000e+00, 0.000000e+00, -2.174326e+00, -1.806552e-02, 5.639612e+00, -5.996100e+00, 6.319276e-03
9.174679e-01, 2.590967e-03, -1.473067e-02, 0.000000e+00, 0.000000e+00, 1.337135e+00, 1.221663e+01, -1.177376e+00, -1.066274e+00, -1.272418e+00, 0.000000e+00, -2.675686e-02, 2.053523e+00, -3.543714e-02, 1.001982e-02, 0.000000e+00, 0.000000e+00, 3.803332e-02, 0.000000e+00, 2.071720e-02, 1.165707e-02, 3.627147e-02, -1.579831e-03, 0.000000e+00, 0.000000e+00, 0.000000e+00, -2.167105e+00, -1.805699e-02, 5.637317e+00, -6.005986e+00, 6.335592e-03
9.182692e-01, 2.589364e-03, -1.469213e-02, 0.000000e+00, 0.000000e+00, 1.334173e+00, 1.223736e+01, -1.176718e+00, -1.063572e+00, -1.267936e+00, 0.000000e+00, -2.668170e-02, 2.047593e+00, -3.522206e-02, 9.964150e-03, 0.000000e+00, 0.000000e+00, 3.784854e-02, 0.000000e+00, 2.057322e-02, 1.165884e-02, 3.588694e-02, -1.575994e-03, 0.000000e+00, 0.000000e+00, 0.000000e+00, -2.158913e+00, -1.804694e-02, 5.634481e+00, -6.016422e+00, 6.352859e-03
9.190705e-01, 2.586650e-03, -1.464513e-02, 0.000000e+00, 0.000000e+00, 1.330590e+00, 1.225882e+01, -1.175519e+00, -1.060322e+00, -1.262489e+00, 0.000000e+00, -2.660083e-02, 2.040394e+00, -3.496709e-02, 9.898268e-03, 0.000000e+00, 0.000000e+00, 3.762553e-02, 0.000000e+00, 2.041272e-02, 1.165841e-02, 3.543539e-02, -1.571411e-03, 0.000000e+00, 0.000000e+00, 0.000000e+00, -2.149760e+00, -1.803536e-02, 5.631104e+00, -6.027414e+00, 6.371100e-03
9.198718e-01, 2.582821e-03, -1.458965e-02, 0.000000e+00, 0.000000e+00, 1.326385e+00, 1.228106e+01, -1.173775e+00, -1.056524e+00, -1.256074e+00, 0.000000e+00, -2.651432e-02, 2.031926e+00, -3.467223e-02, 9.822179e-03, 0.000000e+00, 0.000000e+00, 3.736430e-02, 0.000000e+00, 2.023578e-02, 1.165576e-02, 3.491686e-02, -1.566081e-03, 0.000000e+00, 0.000000e+00, 0.000000e+00, -2.139656e+00, -1.802223e-02, 5.627191e+00, -6.038965e+00, 6.390337e-03
9.206731e-01, 2.577877e-03, -1.452574e-02, 0.000000e+00, 0.000000e+00, 1.321561e+00, 1.230411e+01, -1.171484e+00, -1.052182e+00, -1.248696e+00, 0.000000e+00, -2.642225e-02, 2.022193e+00, -3.433763e-02, 9.735923e-03, 0.000000e+00, 0.000000e+00, 3.706499e-02, 0.000000e+00, 2.004259e-02, 1.165089e-02, 3.433169e-02, -1.560002e-03, 0.000000e+00, 0.000000e+00, 0.000000e+00, -2.128618e+00, -1.800756e-02, 5.622749e+00, -6.051078e+00, 6.410591e-03
9.214744e-01, 2.571822e-03, -1.445346e-02, 0.000000e+00, 0.000000e+00, 1.316126e+00, 1.232802e+01, -1.168644e+00, -1.047299e+00, -1.240362e+00, 0.000000e+00, -2.632475e-02, 2.011206e+00, -3.396365e-02, 9.639586e-03, 0.000000e+00, 0.000000e+00, 3.672795e-02, 0.000000e+00, 1.983339e-02, 1.164380e-02, 3.368048e-02, -1.553181e-03, 0.000000e+00, 0.000000e+00, 0.000000e+00, -2.116666e+00, -1.799135e-02, 5.617786e+00, -6.063750e+00, 6.431878e-03
9.222756e-01, 2.564664e-03, -1.437294e-02, 0.000000e+00, 0.000000e+00, 1.310087e+00, 1.235281e+01, -1.165260e+00, -1.041882e+00, -1.231083e+00, 0.000000e+00, -2.622195e-02, 1.998980e+00, -3.355078e-02, 9.533300e-03, 0.000000e+00, 0.000000e+00, 3.635365e-02, 0.000000e+00, 1.960849e-02, 1.163450e-02, 3.296416e-02, -1.545623e-03, 0.000000e+00, 0.000000e+00, 0.000000e+00, -2.103827e+00, -1.797362e-02, 5.612315e+00, -6.076978e+00, 6.454211e-03
9.230769e-01, 2.556416e-03, -1.428430e-02, 0.000000e+00, 0.000000e+00, 1.303455e+00, 1.237852e+01, -1.161337e+00, -1.035942e+00, -1.220877e+00, 0.000000e+00, -2.611402e-02, 1.985536e+00, -3.309973e-02, 9.417240e-03, 0.000000e+00, 0.000000e+00, 3.594278e-02, 0.000000e+00, 1.936828e-02, 1.162302e-02, 3.218395e-02, -1.537339e-03, 0.000000e+00, 0.000000e+00, 0.000000e+00, -2.090130e+00, -1.795439e-02, 5.606349e+00, -6.090756e+00, 6.477599e-03
9.238782e-01, 2.547097e-03, -1.418775e-02, 0.000000e+00, 0.000000e+00, 1.296245e+00, 1.240516e+01, -1.156881e+00, -1.029491e+00, -1.209764e+00, 0.000000e+00, -2.600115e-02, 1.970903e+00, -3.261137e-02, 9.291630e-03, 0.000000e+00, 0.000000e+00, 3.549618e-02, 0.000000e+00, 1.911324e-02, 1.160938e-02, 3.134136e-02, -1.528344e-03, 0.000000e+00, 0.000000e+00, 0.000000e+00, -2.075607e+00, -1.793369e-02, 5.599903e+00, -6.105074e+00, 6.502048e-03
9.246795e-01, 2.536729e-03, -1.408351e-02, 0.000000e+00, 0.000000e+00, 1.288473e+00, 1.243277e+01, -1.151904e+00, -1.022542e+00, -1.197768e+00, 0.000000e+00, -2.588355e-02, 1.955111e+00, -3.208676e-02, 9.156736e-03, 0.000000e+00, 0.000000e+00, 3.501485e-02, 0.000000e+00, 1.884390e-02, 1.159364e-02, 3.043824e-02, -1.518656e-03, 0.000000e+00, 0.000000e+00, 0.000000e+00, -2.060298e+00, -1.791156e-02, 5.592997e+00, -6.119921e+00, 6.527559e-03
9.254808e-01, 2.525340e-03, -1.397184e-02, 0.000000e+00, 0.000000e+00, 1.280158e+00, 1.246135e+01, -1.146419e+00, -1.015113e+00, -1.184919e+00, 0.000000e+00, -2.576148e-02, 1.938200e+00, -3.152711e-02, 9.012872e-03, 0.000000e+00, 0.000000e+00, 3.449999e-02, 0.000000e+00, 1.856086e-02, 1.157584e-02, 2.947669e-02, -1.508296e-03, 0.000000e+00, 0.000000e+00, 0.000000e+00, -2.044243e+00, -1.788803e-02, 5.585649e+00, -6.135282e+00, 6.554128e-03
9.262821e-01, 2.512960e-03, -1.385304e-02, 0.000000e+00, 0.000000e+00, 1.271322e+00, 1.249091e+01, -1.140441e+00, -1.007222e+00, -1.171250e+00, 0.000000e+00, -2.563520e-02, 1.920214e+00, -3.093383e-02, 8.860394e-03, 0.000000e+00, 0.000000e+00, 3.395293e-02, 0.000000e+00, 1.826481e-02, 1.155604e-02, 2.845914e-02, -1.497289e-03, 0.000000e+00, 0.000000e+00, 0.000000e+00, -2.027486e+00, -1.786317e-02, 5.577883e+00, -6.151140e+00, 6.581747e-03
9.270833e-01, 2.499625e-03, -1.372744e-02, 0.000000e+00, 0.000000e+00, 1.261989e+00, 1.252146e+01, -1.133988e+00, -9.988918e-01, -1.156798e+00, 0.000000e+00, -2.550500e-02, 1.901202e+00, -3.030848e-02, 8.699698e-03, 0.000000e+00, 0.000000e+00, 3.337518e-02, 0.000000e+00, 1.795648e-02, 1.153431e-02, 2.738826e-02, -1.485664e-03, 0.000000e+00, 0.000000e+00, 0.000000e+00, -2.010077e+00, -1.783702e-02, 5.569722e+00, -6.167475e+00, 6.610402e-03
9.278846e-01, 2.485376e-03, -1.359540e-02, 0.000000e+00, 0.000000e+00, 1.252185e+00, 1.255299e+01, -1.127081e+00, -9.901447e-01, -1.141604e+00, 0.000000e+00, -2.537119e-02, 1.881217e+00, -2.965276e-02, 8.531223e-03, 0.000000e+00, 0.000000e+00, 3.276838e-02, 0.000000e+00, 1.763667e-02, 1.151074e-02, 2.626700e-02, -1.473451e-03, 0.000000e+00, 0.000000e+00, 0.000000e+00, -1.992066e+00, -1.780966e-02, 5.561193e+00, -6.184263e+00, 6.640073e-03
9.286859e-01, 2.470255e-03, -1.345734e-02, 0.000000e+00, 0.000000e+00, 1.241939e+00, 1.258549e+01, -1.119741e+00, -9.810065e-01, -1.125713e+00, 0.000000e+00, -2.523410e-02, 1.860319e+00, -2.896854e-02, 8.355443e-03, 0.000000e+00, 0.000000e+00, 3.213434e-02, 0.000000e+00, 1.730624e-02, 1.148540e-02, 2.509856e-02, -1.460687e-03, 0.000000e+00, 0.000000e+00, 0.000000e+00, -1.973506e+00, -1.778115e-02, 5.552321e+00, -6.201478e+00, 6.670736e-03
9.294872e-01, 2.454310e-03, -1.331365e-02, 0.000000e+00, 0.000000e+00, 1.231280e+00, 1.261894e+01, -1.111995e+00, -9.715040e-01, -1.109172e+00, 0.000000e+00, -2.509408e-02, 1.838569e+00, -2.825781e-02, 8.172863e-03, 0.000000e+00, 0.000000e+00, 3.147496e-02, 0.000000e+00, 1.696609e-02, 1.145840e-02, 2.388633e-02, -1.447409e-03, 0.000000e+00, 0.000000e+00, 0.000000e+00, -1.954452e+00, -1.775158e-02, 5.543137e+00, -6.219094e+00, 6.702358e-03
9.302885e-01, 2.437590e-03, -1.316479e-02, 0.000000e+00, 0.000000e+00, 1.220242e+00, 1.265332e+01, -1.103867e+00, -9.616661e-01, -1.092033e+00, 0.000000e+00, -2.495148e-02, 1.816034e+00, -2.752267e-02, 7.984023e-03, 0.000000e+00, 0.000000e+00, 3.079228e-02, 0.000000e+00, 1.661716e-02, 1.142984e-02, 2.263393e-02, -1.433657e-03, 0.000000e+00, 0.000000e+00, 0.000000e+00, -1.934963e+00, -1.772104e-02, 5.533669e+00, -6.237078e+00, 6.734903e-03
9.310897e-01, 2.420148e-03, -1.301124e-02, 0.000000e+00, 0.000000e+00, 1.208858e+00, 1.268859e+01, -1.095387e+00, -9.515226e-01, -1.074347e+00, 0.000000e+00, -2.480669e-02, 1.792785e+00, -2.676533e-02, 7.789484e-03, 0.000000e+00, 0.000000e+00, 3.008840e-02, 0.000000e+00, 1.626045e-02, 1.139982e-02, 2.134513e-02, -1.419474e-03, 0.000000e+00, 0.000000e+00, 0.000000e+00, -1.915095e+00, -1.768960e-02, 5.523947e+00, -6.255397e+00, 6.768326e-03
9.318910e-01, 2.402039e-03, -1.285346e-02, 0.000000e+00, 0.000000e+00, 1.197162e+00, 1.272471e+01, -1.086583e+00, -9.411046e-01, -1.056171e+00, 0.000000e+00, -2.466009e-02, 1.768893e+00, -2.598808e-02, 7.589832e-03, 0.000000e+00, 0.000000e+00, 2.936555e-02, 0.000000e+00, 1.589695e-02, 1.136845e-02, 2.002385e-02, -1.404905e-03, 0.000000e+00, 0.000000e+00, 0.000000e+00, -1.894909e+00, -1.765738e-02, 5.514004e+00, -6.274018e+00, 6.802578e-03
9.326923e-01, 2.383319e-03, -1.269197e-02, 0.000000e+00, 0.000000e+00, 1.185190e+00, 1.276163e+01, -1.077486e+00, -9.304443e-01, -1.037561e+00, 0.000000e+00, -2.451207e-02, 1.744434e+00, -2.519328e-02, 7.385669e-03, 0.000000e+00, 0.000000e+00, 2.862599e-02, 0.000000e+00, 1.552769e-02, 1.133585e-02, 1.867410e-02, -1.389995e-03, 0.000000e+00, 0.000000e+00, 0.000000e+00, -1.874463e+00, -1.762445e-02, 5.503871e+00, -6.292903e+00, 6.837600e-03
9.334936e-01, 2.364047e-03, -1.252726e-02, 0.000000e+00, 0.000000e+00, 1.172978e+00, 1.279931e+01, -1.068128e+00, -9.195741e-01, -1.018575e+00, 0.000000e+00, -2.436302e-02, 1.719482e+00, -2.438333e-02, 7.177610e-03, 0.000000e+00, 0.000000e+00, 2.787202e-02, 0.000000e+00, 1.515374e-02, 1.130213e-02, 1.730000e-02, -1.374794e-03, 0.000000e+00, 0.000000e+00, 0.000000e+00, -1.853819e+00, -1.759093e-02, 5.493581e+00, -6.312012e+00, 6.873329e-03
9.342949e-01, 2.344279e-03, -1.235985e-02, 0.000000e+00, 0.000000e+00, 1.160563e+00, 1.283767e+01, -1.058541e+00, -9.085271e-01, -9.992712e-01, 0.000000e+00, -2.421336e-02, 1.694116e+00, -2.356067e-02, 6.966278e-03, 0.000000e+00, 0.000000e+00, 2.710599e-02, 0.000000e+00, 1.477612e-02, 1.126742e-02, 1.590569e-02, -1.359348e-03, 0.000000e+00, 0.000000e+00, 0.000000e+00, -1.833034e+00, -1.755692e-02, 5.483164e+00, -6.331307e+00, 6.909696e-03
9.350962e-01, 2.324077e-03, -1.219025e-02, 0.000000e+00, 0.000000e+00, 1.147983e+00, 1.287666e+01, -1.048756e+00, -8.973363e-01, -9.797097e-01, 0.000000e+00, -2.406347e-02, 1.668414e+00, -2.272775e-02, 6.752297e-03, 0.000000e+00, 0.000000e+00, 2.633024e-02, 0.000000e+00, 1.439590e-02, 1.123183e-02, 1.449534e-02, -1.343706e-03, 0.000000e+00, 0.000000e+00, 0.000000e+00, -1.812166e+00, -1.752253e-02, 5.472652e+00, -6.350747e+00, 6.946623e-03
9.358974e-01, 2.303498e-03, -1.201898e-02, 0.000000e+00, 0.000000e+00, 1.135274e+00, 1.291620e+01, -1.038808e+00, -8.860346e-01, -9.599488e-01, 0.000000e+00, -2.391374e-02, 1.642451e+00, -2.188701e-02, 6.536292e-03, 0.000000e+00, 0.000000e+00, 2.554711e-02, 0.000000e+00, 1.401411e-02, 1.119549e-02, 1.307308e-02, -1.327918e-03, 0.000000e+00, 0.000000e+00, 0.000000e+00, -1.791274e+00, -1.748784e-02, 5.462078e+00, -6.370288e+00, 6.984030e-03
9.366987e-01, 2.282602e-03, -1.184654e-02, 0.000000e+00, 0.000000e+00, 1.122471e+00, 1.295621e+01, -1.028727e+00, -8.746546e-01, -9.400467e-01, 0.000000e+00, -2.376457e-02, 1.616304e+00, -2.104086e-02, 6.318881e-03, 0.000000e+00, 0.000000e+00, 2.475891e-02, 0.000000e+00, 1.363176e-02, 1.115851e-02, 1.164303e-02, -1.312031e-03, 0.000000e+00, 0.000000e+00, 0.000000e+00, -1.770412e+00, -1.745298e-02, 5.451472e+00, -6.389889e+00, 7.021826e-03
9.375000e-01, 2.261445e-03, -1.167342e-02, 0.000000e+00, 0.000000e+00, 1.109612e+00, 1.299661e+01, -1.018546e+00, -8.632283e-01, -9.200604e-01, 0.000000e+00, -2.361634e-02, 1.590048e+00, -2.019167e-02, 6.100669e-03, 0.000000e+00, 0.000000e+00, 2.396789e-02, 0.000000e+00, 1.324985e-02, 1.112100e-02, 1.020918e-02, -1.296093e-03, 0.000000e+00, 0.000000e+00, 0.000000e+00, -1.749633e+00, -1.741805e-02, 5.440863e+00, -6.409507e+00, 7.059921e-03
9.383013e-01, 2.240084e-03, -1.150012e-02, 0.000000e+00, 0.000000e+00, 1.096729e+00, 1.303731e+01, -1.008296e+00, -8.517866e-01, -9.000455e-01, -1.042323e-03, -2.346940e-02, 1.563756e+00, -1.934175e-02, 5.882249e-03, 0.000000e+00, 0.000000e+00, 2.317625e-02, 0.000000e+00, 1.286934e-02, 1.108309e-02, 8.775437e-03, -1.280149e-03, 0.000000e+00, 0.000000e+00, 0.000000e+00, -1.728989e+00, -1.738313e-02, 5.430280e+00, -6.429099e+00, 7.098214e-03
9.391026e-01, 2.218575e-03, -1.132709e-02, 0.000000e+00, 0.000000e+00, 1.083858e+00, 1.307821e+01, -9.980075e-01, -8.403596e-01, -8.800557e-01, -1.097965e-03, -2.332410e-02, 1.537498e+00, -1.849334e-02, 5.664195e-03, 0.000000e+00, 0.000000e+00, 2.238611e-02, 0.000000e+00, 1.249116e-02, 1.104486e-02, 7.345584e-03, -1.264243e-03, 0.000000e+00, 0.000000e+00, 0.000000e+00, -1.708527e+00, -1.734834e-02, 5.419751e+00, -6.448623e+00, 7.136604e-03
9.399038e-01, 2.196970e-03, -1.115479e-02, 0.000000e+00, 0.000000e+00, 1.071030e+00, 1.311924e+01, -9.877094e-01, -8.289761e-01, -8.601425e-01, -1.153347e-03, -2.318078e-02, 1.511342e+00, -1.764858e-02, 5.447059e-03, 0.000000e+00, 0.000000e+00, 2.159952e-02, 0.000000e+00, 1.211619e-02, 1.100644e-02, 5.923233e-03, -1.248419e-03, 0.000000e+00, 0.000000e+00, 0.000000e+00, -1.688294e+00, -1.731376e-02, 5.409302e+00, -6.468036e+00, 7.174986e-03
9.407051e-01, 2.175321e-03, -1.098364e-02, 0.000000e+00, 0.000000e+00, 1.058276e+00, 1.316029e+01, -9.774298e-01, -8.176637e-01, -8.403551e-01, -1.208336e-03, -2.303976e-02, 1.485352e+00, -1.680955e-02, 5.231367e-03, 0.000000e+00, 0.000000e+00, 2.081839e-02, 0.000000e+00, 1.174526e-02, 1.096791e-02, 4.511829e-03, -1.232717e-03, 0.000000e+00, 0.000000e+00, 0.000000e+00, -1.668332e+00, -1.727949e-02, 5.398958e+00, -6.487298e+00, 7.213251e-03
9.415064e-01, 2.153678e-03, -1.081404e-02, 0.000000e+00, 0.000000e+00, 1.045625e+00, 1.320127e+01, -9.671952e-01, -8.064483e-01, -8.207401e-01, -1.262804e-03, -2.290132e-02, 1.459589e+00, -1.597818e-02, 5.017622e-03, 0.000000e+00, 0.000000e+00, 2.004458e-02, 0.000000e+00, 1.137916e-02, 1.092937e-02, 3.114627e-03, -1.217175e-03, 0.000000e+00, 0.000000e+00, 0.000000e+00, -1.648680e+00, -1.724560e-02, 5.388741e+00, -6.506367e+00, 7.251289e-03
9.423077e-01, 2.132088e-03, -1.064638e-02, 0.000000e+00, 0.000000e+00, 1.033104e+00, 1.324207e+01, -9.570307e-01, -7.953544e-01, -8.013410e-01, -1.316633e-03, -2.276573e-02, 1.434111e+00, -1.515632e-02, 4.806296e-03, 0.000000e+00, 0.000000e+00, 1.927978e-02, 0.000000e+00, 1.101863e-02, 1.089090e-02, 1.734685e-03, -1.201828e-03, 0.000000e+00, 0.000000e+00, 0.000000e+00, -1.629376e+00, -1.721218e-02, 5.378673e+00, -6.525206e+00, 7.288990e-03
9.431090e-01, 2.110596e-03, -1.048101e-02, 0.000000e+00, 0.000000e+00, 1.020741e+00, 1.328261e+01, -9.469600e-01, -7.844051e-01, -7.821988e-01, -1.369713e-03, -2.263325e-02, 1.408970e+00, -1.434568e-02, 4.597834e-03, 0.000000e+00, 0.000000e+00, 1.852561e-02, 0.000000e+00, 1.066435e-02, 1.085259e-02, 0.000000e+00, -1.186710e-03, 0.000000e+00, 0.000000e+00, 0.000000e+00, -1.610452e+00, -1.717930e-02, 5.368775e+00, -6.543777e+00, 7.326244e-03
9.439103e-01, 2.089247e-03, -1.031825e-02, 0.000000e+00, 0.000000e+00, 1.008557e+00, 1.332279e+01, -9.370050e-01, -7.736217e-01, -7.633513e-01, -1.421941e-03, -2.250409e-02, 1.384217e+00, -1.354788e-02, 4.392649e-03, 0.000000e+00, 0.000000e+00, 1.778355e-02, 0.000000e+00, 1.031695e-02, 1.081450e-02, 0.000000e+00, -1.171850e-03, 0.000000e+00, 0.000000e+00, 0.000000e+00, -1.591938e+00, -1.714704e-02, 5.359063e+00, -6.562045e+00, 7.362941e-03
9.447115e-01, 2.068082e-03, -1.015842e-02, 0.000000e+00, 0.000000e+00, 9.965767e-01, 1.336252e+01, -9.271862e-01, -7.630240e-01, -7.448336e-01, -1.473223e-03, -2.237844e-02, 1.359897e+00, -1.276441e-02, 4.191127e-03, 0.000000e+00, 0.000000e+00, 1.705496e-02, 0.000000e+00, 9.976990e-03, 1.077672e-02, -2.274121e-03, -1.157279e-03, 0.000000e+00, 0.000000e+00, 0.000000e+00, -1.573862e+00, -1.711545e-02, 5.349556e+00, -6.579974e+00, 7.398977e-03
9.455128e-01, 2.047142e-03, -1.000179e-02, 0.000000e+00, 0.000000e+00, 9.848198e-01, 1.340170e+01, -9.175225e-01, -7.526303e-01, -7.266779e-01, -1.523472e-03, -2.225649e-02, 1.336053e+00, -1.199664e-02, 3.993623e-03, 0.000000e+00, 0.000000e+00, 1.634110e-02, 0.000000e+00, 9.645005e-03, 1.073930e-02, -3.558598e-03, -1.143020e-03, 0.000000e+00, 0.000000e+00, 0.000000e+00, -1.556248e+00, -1.708458e-02, 5.340267e+00, -6.597534e+00, 7.434249e-03
9.463141e-01, 2.026466e-03, -9.848610e-03, 0.000000e+00, 0.000000e+00, 9.733056e-01, 1.344025e+01, -9.080314e-01, -7.424573e-01, -7.089137e-01, -1.572609e-03, -2.213838e-02, 1.312723e+00, -1.124583e-02, 3.800464e-03, 0.000000e+00, 0.000000e+00, 1.564311e-02, 0.000000e+00, 9.321465e-03, 1.070232e-02, -4.813630e-03, -1.129096e-03, 0.000000e+00, 0.000000e+00, 0.000000e+00, -1.539117e+00, -1.705451e-02, 5.331211e+00, -6.614695e+00, 7.468659e-03
9.471154e-01, 2.006091e-03, -9.699123e-03, 0.000000e+00, 0.000000e+00, 9.620518e-01, 1.347809e+01, -8.987290e-01, -7.325207e-01, -6.915680e-01, -1.620564e-03, -2.202423e-02, 1.289942e+00, -1.051314e-02, 3.611951e-03, 0.000000e+00, 0.000000e+00, 1.496204e-02, 0.000000e+00, 9.006792e-03, 1.066582e-02, -6.037372e-03, -1.115530e-03, 0.000000e+00, 0.000000e+00, 0.000000e+00, -1.522487e+00, -1.702526e-02, 5.322398e+00, -6.631428e+00, 7.502118e-03
9.479167e-01, 1.986054e-03, -9.553538e-03, 0.000000e+00, 0.000000e+00, 9.510746e-01, 1.351514e+01, -8.896302e-01, -7.228344e-01, -6.746651e-01, -1.667269e-03, -2.191413e-02, 1.267743e+00, -9.799624e-03, 3.428356e-03, 0.000000e+00, 0.000000e+00, 1.429882e-02, 0.000000e+00, 8.701365e-03, 1.062987e-02, -7.228164e-03, -1.102339e-03, 0.000000e+00, 0.000000e+00, 0.000000e+00, -1.506375e+00, -1.699688e-02, 5.313841e+00, -6.647710e+00, 7.534540e-03
9.487179e-01, 1.966391e-03, -9.412043e-03, 0.000000e+00, 0.000000e+00, 9.403887e-01, 1.355132e+01, -8.807484e-01, -7.134114e-01, -6.582275e-01, -1.712666e-03, -2.180817e-02, 1.246155e+00, -9.106240e-03, 3.249928e-03, 0.000000e+00, 0.000000e+00, 1.365432e-02, 0.000000e+00, 8.405517e-03, 1.059453e-02, -8.384512e-03, -1.089540e-03, 0.000000e+00, 0.000000e+00, 0.000000e+00, -1.490796e+00, -1.696940e-02, 5.305549e+00, -6.663515e+00, 7.565850e-03
9.495192e-01, 1.947136e-03, -9.274813e-03, 0.000000e+00, 0.000000e+00, 9.300080e-01, 1.358658e+01, -8.720964e-01, -7.042635e-01, -6.422751e-01, -1.756703e-03, -2.170639e-02, 1.225204e+00, -8.433851e-03, 3.076892e-03, 0.000000e+00, 0.000000e+00, 1.302930e-02, 0.000000e+00, 8.119543e-03, 1.055984e-02, -9.505082e-03, -1.077147e-03, 0.000000e+00, 0.000000e+00, 0.000000e+00, -1.475760e+00, -1.694287e-02, 5.297529e+00, -6.678825e+00, 7.595981e-03
9.503205e-01, 1.928323e-03, -9.142001e-03, 0.000000e+00, 0.000000e+00, 9.199449e-01, 1.362084e+01, -8.636856e-01, -6.954013e-01, -6.268263e-01, -1.799331e-03, -2.160883e-02, 1.204915e+00, -7.783234e-03, 2.909450e-03, 0.000000e+00, 0.000000e+00, 1.242444e-02, 0.000000e+00, 7.843695e-03, 1.052586e-02, -1.058869e-02, -1.065174e-03, 0.000000e+00, 0.000000e+00, 0.000000e+00, -1.461278e+00, -1.691729e-02, 5.289789e+00, -6.693621e+00, 7.624877e-03
9.511218e-01, 1.909985e-03, -9.013743e-03, 0.000000e+00, 0.000000e+00, 9.102109e-01, 1.365406e+01, -8.555267e-01, -6.868347e-01, -6.118974e-01, -1.840507e-03, -2.151550e-02, 1.185308e+00, -7.155080e-03, 2.747783e-03, 0.000000e+00, 0.000000e+00, 1.184037e-02, 0.000000e+00, 7.578190e-03, 1.049264e-02, -1.163429e-02, -1.053632e-03, 0.000000e+00, 0.000000e+00, 0.000000e+00, -1.447357e+00, -1.689270e-02, 5.282336e+00, -6.707887e+00, 7.652491e-03
9.519231e-01, 1.892154e-03, -8.890162e-03, 0.000000e+00, 0.000000e+00, 9.008162e-01, 1.368618e+01, -8.476295e-01, -6.785722e-01, -5.975028e-01, -1.880194e-03, -2.142639e-02, 1.166403e+00, -6.549998e-03, 2.592050e-03, 0.000000e+00, 0.000000e+00, 1.127762e-02, 0.000000e+00, 7.323210e-03, 1.046023e-02, -1.264098e-02, -1.042530e-03, 0.000000e+00, 0.000000e+00, 0.000000e+00, -1.434005e+00, -1.686912e-02, 5.275174e+00, -6.721610e+00, 7.678787e-03
9.527244e-01, 1.874861e-03, -8.771363e-03, 0.000000e+00, 0.000000e+00, 8.917701e-01, 1.371717e+01, -8.400028e-01, -6.706217e-01, -5.836555e-01, -1.918359e-03, -2.134149e-02, 1.148217e+00, -5.968513e-03, 2.442386e-03, 0.000000e+00, 0.000000e+00, 1.073666e-02, 0.000000e+00, 7.078897e-03, 1.042869e-02, -1.360799e-02, -1.031876e-03, 0.000000e+00, 0.000000e+00, 0.000000e+00, -1.421225e+00, -1.684655e-02, 5.268308e+00, -6.734779e+00, 7.703740e-03
9.535256e-01, 1.858134e-03, -8.657433e-03, 0.000000e+00, 0.000000e+00, 8.830808e-01, 1.374699e+01, -8.326548e-01, -6.629897e-01, -5.703663e-01, -1.954973e-03, -2.126075e-02, 1.130763e+00, -5.411067e-03, 2.298907e-03, 0.000000e+00, 0.000000e+00, 1.021790e-02, 0.000000e+00, 6.845361e-03, 1.039806e-02, -1.453468e-02, -1.021677e-03, 0.000000e+00, 0.000000e+00, 0.000000e+00, -1.409021e+00, -1.682500e-02, 5.261741e+00, -6.747387e+00, 7.727336e-03
9.543269e-01, 1.842001e-03, -8.548446e-03, 0.000000e+00, 0.000000e+00, 8.747552e-01, 1.377562e+01, -8.255926e-01, -6.556819e-01, -5.576445e-01, -1.990013e-03, -2.118412e-02, 1.114055e+00, -4.878016e-03, 2.161705e-03, 0.000000e+00, 0.000000e+00, 9.721653e-03, 0.000000e+00, 6.622673e-03, 1.036840e-02, -1.542056e-02, -1.011938e-03, 0.000000e+00, 0.000000e+00, 0.000000e+00, -1.397395e+00, -1.680449e-02, 5.255476e+00, -6.759429e+00, 7.749572e-03
9.551282e-01, 1.826486e-03, -8.444456e-03, 0.000000e+00, 0.000000e+00, 8.667990e-01, 1.380302e+01, -8.188225e-01, -6.487029e-01, -5.454973e-01, -2.023462e-03, -2.111155e-02, 1.098102e+00, -4.369624e-03, 2.030850e-03, 0.000000e+00, 0.000000e+00, 9.248173e-03, 0.000000e+00, 6.410867e-03, 1.033974e-02, -1.626526e-02, -1.002660e-03, 0.000000e+00, 0.000000e+00, 0.000000e+00, -1.386345e+00, -1.678500e-02, 5.249514e+00, -6.770900e+00, 7.770455e-03
9.559295e-01, 1.811612e-03, -8.345499e-03, 0.000000e+00, 0.000000e+00, 8.592166e-01, 1.382919e+01, -8.123497e-01, -6.420559e-01, -5.339299e-01, -2.055307e-03, -2.104295e-02, 1.082910e+00, -3.886060e-03, 1.906384e-03, 0.000000e+00, 0.000000e+00, 8.797627e-03, 0.000000e+00, 6.209938e-03, 1.031214e-02, -1.706858e-02, 0.000000e+00, 0.000000e+00, 0.000000e+00, 0.000000e+00, -1.375870e+00, -1.676655e-02, 5.243856e+00, -6.781802e+00, 7.790001e-03
9.567308e-01, 1.797397e-03, -8.251594e-03, 0.000000e+00, 0.000000e+00, 8.520108e-01, 1.385413e+01, -8.061783e-01, -6.357429e-01, -5.229452e-01, -2.085542e-03, -2.097823e-02, 1.068484e+00, -3.427396e-03, 1.788327e-03, 0.000000e+00, 0.000000e+00, 8.370096e-03, 0.000000e+00, 6.019841e-03, 1.028563e-02, -1.783046e-02, 0.000000e+00, 0.000000e+00, 0.000000e+00, 0.000000e+00, -1.365966e+00, -1.674912e-02, 5.238501e+00, -6.792136e+00, 7.808236e-03
9.575321e-01, 1.783857e-03, -8.162736e-03, 0.000000e+00, 0.000000e+00, 8.451830e-01, 1.387782e+01, -8.003112e-01, -6.297645e-01, -5.125438e-01, -2.114166e-03, -2.091731e-02, 1.054823e+00, -2.993597e-03, 1.676669e-03, 0.000000e+00, 0.000000e+00, 7.965567e-03, 0.000000e+00, 5.840489e-03, 1.026024e-02, -1.855101e-02, 0.000000e+00, 0.000000e+00, 0.000000e+00, 0.000000e+00, -1.356628e+00, -1.673270e-02, 5.233447e+00, -6.801906e+00, 7.825194e-03
9.583333e-01, 1.771004e-03, -8.078901e-03, 0.000000e+00, 0.000000e+00, 8.387327e-01, 1.390028e+01, -7.947499e-01, -6.241200e-01, -5.027240e-01, -2.141186e-03, -2.086008e-02, 1.041927e+00, -2.584522e-03, 1.571372e-03, 0.000000e+00, 0.000000e+00, 7.583933e-03, 0.000000e+00, 5.671753e-03, 1.023601e-02, -1.923051e-02, 0.000000e+00, 0.000000e+00, 0.000000e+00, 0.000000e+00, -1.347847e+00, -1.671728e-02, 5.228692e+00, -6.811120e+00, 7.840917e-03
9.591346e-01, 1.758844e-03, -8.000044e-03, 0.000000e+00, 0.000000e+00, 8.326579e-01, 1.392151e+01, -7.894946e-01, -6.188070e-01, -4.934811e-01, -2.166616e-03, -2.080642e-02, 1.029788e+00, -2.199919e-03, 1.472373e-03, 0.000000e+00, 0.000000e+00, 7.224987e-03, 0.000000e+00, 5.513460e-03, 1.021295e-02, -1.986941e-02, 0.000000e+00, 0.000000e+00, 0.000000e+00, 0.000000e+00, -1.339614e+00, -1.670283e-02, 5.224230e+00, -6.819787e+00, 7.855450e-03
9.599359e-01, 1.747380e-03, -7.926095e-03, 0.000000e+00, 0.000000e+00, 8.269545e-01, 1.394153e+01, -7.845439e-01, -6.138215e-01, -4.848082e-01, -2.190477e-03, -2.075621e-02, 1.018399e+00, -1.839426e-03, 1.379575e-03, 0.000000e+00, 0.000000e+00, 6.888422e-03, 0.000000e+00, 5.365397e-03, 1.019109e-02, -2.046833e-02, 0.000000e+00, 0.000000e+00, 0.000000e+00, 0.000000e+00, -1.331917e+00, -1.668935e-02, 5.220058e+00, -6.827918e+00, 7.868846e-03
9.607372e-01, 1.736611e-03, -7.856964e-03, 0.000000e+00, 0.000000e+00, 8.216170e-01, 1.396037e+01, -7.798949e-01, -6.091582e-01, -4.766956e-01, -2.212796e-03, -2.070933e-02, 1.007745e+00, -1.502572e-03, 1.292858e-03, 0.000000e+00, 0.000000e+00, 6.573827e-03, 0.000000e+00, 5.227308e-03, 1.017042e-02, -2.102807e-02, 0.000000e+00, 0.000000e+00, 0.000000e+00, 0.000000e+00, -1.324743e+00, -1.667679e-02, 5.216168e+00, -6.835527e+00, 7.881162e-03
9.615385e-01, 1.726530e-03, -7.792538e-03, 0.000000e+00, 0.000000e+00, 8.166378e-01, 1.397804e+01, -7.755432e-01, -6.048101e-01, -4.691310e-01, -2.233608e-03, -2.066564e-02, 9.978107e-01, -1.188782e-03, 1.212073e-03, 0.000000e+00, 0.000000e+00, 6.280694e-03, 0.000000e+00, 5.098901e-03, 1.015094e-02, -2.154959e-02, 0.000000e+00, 0.000000e+00, 0.000000e+00, 0.000000e+00, -1.318075e+00, -1.666514e-02, 5.212553e+00, -6.842628e+00, 7.892455e-03
9.623397e-01, 1.717126e-03, -7.732685e-03, 0.000000e+00, 0.000000e+00, 8.120078e-01, 1.399459e+01, -7.714829e-01, -6.007687e-01, -4.620996e-01, -2.252955e-03, -2.062501e-02, 9.885769e-01, 0.000000e+00, 1.137044e-03, 0.000000e+00, 0.000000e+00, 6.008423e-03, 0.000000e+00, 4.979844e-03, 1.013264e-02, -2.203401e-02, 0.000000e+00, 0.000000e+00, 0.000000e+00, 0.000000e+00, -1.311898e+00, -1.665436e-02, 5.209204e+00, -6.849238e+00, 7.902787e-03
9.631410e-01, 1.708386e-03, -7.677253e-03, 0.000000e+00, 0.000000e+00, 8.077161e-01, 1.401003e+01, -7.677068e-01, -5.970244e-01, -4.555845e-01, -2.270883e-03, -2.058729e-02, 9.800212e-01, 0.000000e+00, 1.067574e-03, 0.000000e+00, 0.000000e+00, 5.756325e-03, 0.000000e+00, 4.869776e-03, 1.011552e-02, -2.248259e-02, 0.000000e+00, 0.000000e+00, 0.000000e+00, 0.000000e+00, -1.306191e+00, -1.664441e-02, 5.206111e+00, -6.855376e+00, 7.912218e-03
9.639423e-01, 1.700289e-03, -7.626074e-03, 0.000000e+00, 0.000000e+00, 8.037507e-01, 1.402442e+01, -7.642061e-01, -5.935662e-01, -4.495665e-01, -2.287447e-03, -2.055234e-02, 9.721184e-01, 0.000000e+00, 1.003445e-03, 0.000000e+00, 0.000000e+00, 5.523633e-03, 0.000000e+00, 4.768307e-03, 1.009953e-02, -2.289674e-02, 0.000000e+00, 0.000000e+00, 0.000000e+00, 0.000000e+00, -1.300935e+00, -1.663525e-02, 5.203263e+00, -6.861061e+00, 7.920811e-03
9.647436e-01, 1.692815e-03, -7.578964e-03, 0.000000e+00, 0.000000e+00, 8.000982e-01, 1.403778e+01, -7.609711e-01, -5.903822e-01, -4.440248e-01, -2.302703e-03, -2.052001e-02, 9.648410e-01, 0.000000e+00, 0.000000e+00, 0.000000e+00, 0.000000e+00, 5.309514e-03, 0.000000e+00, 4.675025e-03, 1.008466e-02, -2.327796e-02, 0.000000e+00, 0.000000e+00, 0.000000e+00, 0.000000e+00, -1.296107e+00, -1.662686e-02, 5.200649e+00, -6.866312e+00, 7.928627e-03
9.655449e-01, 1.685939e-03, -7.535728e-03, 0.000000e+00, 0.000000e+00, 7.967440e-01, 1.405016e+01, -7.579909e-01, -5.874594e-01, -4.389369e-01, -2.316714e-03, -2.049016e-02, 9.581597e-01, 0.000000e+00, 0.000000e+00, 0.000000e+00, 0.000000e+00, 5.113077e-03, 0.000000e+00, 4.589500e-03, 1.007085e-02, -2.362784e-02, 0.000000e+00, 0.000000e+00, 0.000000e+00, 0.000000e+00, -1.291686e+00, -1.661918e-02, 5.198256e+00, -6.871151e+00, 7.935723e-03
9.663462e-01, 1.679632e-03, -7.496163e-03, 0.000000e+00, 0.000000e+00, 7.936729e-01, 1.406160e+01, -7.552536e-01, -5.847843e-01, -4.342795e-01, -2.329545e-03, -2.046265e-02, 9.520435e-01, 0.000000e+00, 0.000000e+00, 0.000000e+00, 0.000000e+00, 4.933391e-03, 0.000000e+00, 4.511290e-03, 1.005808e-02, -2.394805e-02, 0.000000e+00, 0.000000e+00, 0.000000e+00, 0.000000e+00, -1.287649e+00, -1.661217e-02, 5.196073e+00, -6.875600e+00, 7.942158e-03
9.671474e-01, 1.673865e-03, -7.460056e-03, 0.000000e+00, 0.000000e+00, 7.908691e-01, 1.407216e+01, -7.527469e-01, -5.823430e-01, -4.300280e-01, -2.341262e-03, -2.043731e-02, 9.464603e-01, 0.000000e+00, 0.000000e+00, 0.000000e+00, 0.000000e+00, 4.769492e-03, 0.000000e+00, 4.439946e-03, 1.004628e-02, -2.424031e-02, 0.000000e+00, 0.000000e+00, 0.000000e+00, 0.000000e+00, -1.283972e+00, -1.660580e-02, 5.194087e+00, -6.879681e+00, 7.947987e-03
9.679487e-01, 1.668609e-03, -7.427193e-03, 0.000000e+00, 0.000000e+00, 7.883162e-01, 1.408187e+01, -7.504579e-01, -5.801210e-01, -4.261576e-01, -2.351936e-03, -2.041401e-02, 9.413776e-01, 0.000000e+00, 0.000000e+00, 0.000000e+00, 0.000000e+00, 4.620400e-03, 0.000000e+00, 4.375017e-03, 1.003542e-02, -2.450635e-02, 0.000000e+00, 0.000000e+00, 0.000000e+00, 0.000000e+00, -1.280632e+00, -1.660001e-02, 5.192284e+00, -6.883414e+00, 7.953262e-03
9.687500e-01, 1.663831e-03, -7.397358e-03, 0.000000e+00, 0.000000e+00, 7.859979e-01, 1.409078e+01, -7.483732e-01, -5.781039e-01, -4.226433e-01, -2.361634e-03, -2.039262e-02, 9.367622e-01, 0.000000e+00, 0.000000e+00, 0.000000e+00, 0.000000e+00, 4.485130e-03, 0.000000e+00, 4.316056e-03, 1.002544e-02, -2.474792e-02, 0.000000e+00, 0.000000e+00, 0.000000e+00, 0.000000e+00, -1.277605e+00, -1.659478e-02, 5.190652e+00, -6.886822e+00, 7.958031e-03
9.695513e-01, 1.659500e-03, -7.370338e-03, 0.000000e+00, 0.000000e+00, 7.838978e-01, 1.409894e+01, -7.464797e-01, -5.762773e-01, -4.194600e-01, -2.370425e-03, -2.037298e-02, 9.325814e-01, 0.000000e+00, 0.000000e+00, 0.000000e+00, 0.000000e+00, 4.362703e-03, 0.000000e+00, 4.262625e-03, 1.001628e-02, -2.496675e-02, 0.000000e+00, 0.000000e+00, 0.000000e+00, 0.000000e+00, -1.274869e+00, -1.659005e-02, 5.189179e+00, -6.889927e+00, 7.962341e-03
9.703526e-01, 1.655584e-03, -7.345921e-03, 0.000000e+00, 0.000000e+00, 7.819998e-01, 1.410640e+01, -7.447638e-01, -5.746272e-01, -4.165831e-01, -2.378377e-03, -2.035498e-02, 9.288030e-01, 0.000000e+00, 0.000000e+00, 0.000000e+00, 0.000000e+00, 4.252155e-03, 0.000000e+00, 4.214296e-03, 1.000790e-02, -2.516453e-02, 0.000000e+00, 0.000000e+00, 0.000000e+00, 0.000000e+00, -1.272400e+00, -1.658579e-02, 5.187851e+00, -6.892749e+00, 7.966235e-03
9.711538e-01, 1.652050e-03, -7.323902e-03, 0.000000e+00, 0.000000e+00, 7.802881e-01, 1.411320e+01, -7.432126e-01, -5.731395e-01, -4.139888e-01, -2.385556e-03, -2.033848e-02, 9.253954e-01, 1.090581e-03, 0.000000e+00, 0.000000e+00, 0.000000e+00, 4.152548e-03, 0.000000e+00, 4.170655e-03, 1.000023e-02, -2.534293e-02, 0.000000e+00, 0.000000e+00, 0.000000e+00, 0.000000e+00, -1.270177e+00, -1.658195e-02, 5.186657e+00, -6.895310e+00, 7.969753e-03
9.719551e-01, 1.648870e-03, -7.304084e-03, 0.000000e+00, 0.000000e+00, 7.787475e-01, 1.411938e+01, -7.418132e-01, -5.718011e-01, -4.116538e-01, -2.392025e-03, -2.032337e-02, 9.223282e-01, 1.186964e-03, 0.000000e+00, 0.000000e+00, 0.000000e+00, 4.062977e-03, 0.000000e+00, 4.131308e-03, 9.993221e-03, -2.550353e-02, 0.000000e+00, 0.000000e+00, 0.000000e+00, 0.000000e+00, -1.268180e+00, -1.657851e-02, 5.185585e+00, -6.897627e+00, 7.972930e-03
9.727564e-01, 1.646013e-03, -7.286278e-03, 0.000000e+00, 0.000000e+00, 7.773633e-01, 1.412499e+01, -7.405531e-01, -5.705992e-01, -4.095560e-01, -2.397846e-03, -2.030952e-02, 9.195722e-01, 1.273589e-03, 0.000000e+00, 0.000000e+00, 0.000000e+00, 3.982576e-03, 0.000000e+00, 4.095879e-03, 9.986827e-03, -2.564786e-02, 0.000000e+00, 0.000000e+00, 0.000000e+00, 0.000000e+00, -1.266389e+00, -1.657543e-02, 5.184625e+00, -6.899722e+00, 7.975801e-03
9.743590e-01, 1.641183e-03, -7.256156e-03, 0.000000e+00, 0.000000e+00, 7.750224e-01, 1.413461e+01, -7.384154e-01, -5.685678e-01, -4.060080e-01, -2.407717e-03, -2.028532e-02, 9.149104e-01, 1.420197e-03, 0.000000e+00, 0.000000e+00, 0.000000e+00, 3.846805e-03, 0.000000e+00, 4.035703e-03, 9.975725e-03, -2.589205e-02, 0.000000e+00, 0.000000e+00, 0.000000e+00, 0.000000e+00, -1.263365e+00, -1.657023e-02, 5.183007e+00, -6.903295e+00, 7.980716e-03
9.759615e-01, 1.637320e-03, -7.232020e-03, 0.000000e+00, 0.000000e+00, 7.731476e-01, 1.414245e+01, -7.366979e-01, -5.669427e-01, -4.031665e-01, -2.415657e-03, -2.026494e-02, 9.111758e-01, 1.537773e-03, 0.000000e+00, 0.000000e+00, 0.000000e+00, 3.738293e-03, 0.000000e+00, 3.987159e-03, 9.966493e-03, -2.608774e-02, 0.000000e+00, 0.000000e+00, 0.000000e+00, 0.000000e+00, -1.260951e+00, -1.656609e-02, 5.181717e+00, -6.906184e+00, 7.984744e-03
9.775641e-01, 1.634246e-03, -7.212749e-03, 0.000000e+00, 0.000000e+00, 7.716520e-01, 1.414878e+01, -7.353244e-01, -5.656479e-01, -4.008996e-01, -2.422028e-03, -2.024774e-02, 9.081951e-01, 1.631750e-03, 0.000000e+00, 0.000000e+00, 0.000000e+00, 3.651911e-03, 0.000000e+00, 3.948073e-03, 9.958814e-03, -2.624394e-02, 0.000000e+00, 0.000000e+00, 0.000000e+00, 0.000000e+00, -1.259029e+00, -1.656280e-02, 5.180691e+00, -6.908505e+00, 7.988057e-03
9.791667e-01, 1.631805e-03, -7.197392e-03, 0.000000e+00, 0.000000e+00, 7.704613e-01, 1.415384e+01, -7.342294e-01, -5.646187e-01, -3.990950e-01, -2.427139e-03, -2.023314e-02, 9.058211e-01, 1.706741e-03, 0.000000e+00, 0.000000e+00, 0.000000e+00, 3.583306e-03, 0.000000e+00, 3.916607e-03, 9.952409e-03, -2.636834e-02, 0.000000e+00, 0.000000e+00, 0.000000e+00, 0.000000e+00, -1.257502e+00, -1.656020e-02, 5.179877e+00, -6.910359e+00, 7.990795e-03
9.807692e-01, 1.629871e-03, -7.185156e-03, 0.000000e+00, 0.000000e+00, 7.695138e-01, 1.415787e+01, -7.333578e-01, -5.638013e-01, -3.976591e-01, -2.431245e-03, -2.022066e-02, 9.039308e-01, 1.766589e-03, 0.000000e+00, 0.000000e+00, 0.000000e+00, 3.528853e-03, 0.000000e+00, 3.891239e-03, 9.947047e-03, -2.646735e-02, 0.000000e+00, 0.000000e+00, 0.000000e+00, 0.000000e+00, -1.256290e+00, -1.655814e-02, 5.179229e+00, -6.911832e+00, 7.993068e-03
9.823718e-01, 1.628337e-03, -7.175389e-03, 0.000000e+00, 0.000000e+00, 7.687586e-01, 1.416105e+01, -7.326638e-01, -5.631514e-01, -3.965149e-01, -2.434557e-03, -2.020991e-02, 9.024235e-01, 1.814444e-03, 0.000000e+00, 0.000000e+00, 0.000000e+00, 3.485577e-03, 0.000000e+00, 3.870722e-03, 9.942533e-03, -2.654624e-02, 0.000000e+00, 0.000000e+00, 0.000000e+00, 0.000000e+00, -1.255327e+00, -1.655650e-02, 5.178713e+00, -6.912997e+00, 7.994966e-03
9.839744e-01, 1.627118e-03, -7.167567e-03, 0.000000e+00, 0.000000e+00, 7.681547e-01, 1.416353e+01, -7.321102e-01, -5.626331e-01, -3.956004e-01, -2.437245e-03, -2.020056e-02, 9.012175e-01, 1.852856e-03, 0.000000e+00, 0.000000e+00, 0.000000e+00, 3.451075e-03, 0.000000e+00, 3.854049e-03, 9.938710e-03, -2.660926e-02, 0.000000e+00, 0.000000e+00, 0.000000e+00, 0.000000e+00, -1.254559e+00, -1.655520e-02, 5.178300e+00, -6.913914e+00, 7.996560e-03
9.855769e-01, 1.626144e-03, -7.161267e-03, 0.000000e+00, 0.000000e+00, 7.676693e-01, 1.416546e+01, -7.316668e-01, -5.622178e-01, -3.948656e-01, -2.439445e-03, -2.019235e-02, 9.002474e-01, 1.883866e-03, 0.000000e+00, 0.000000e+00, 0.000000e+00, 3.423427e-03, 0.000000e+00, 3.840414e-03, 9.935447e-03, -2.665985e-02, 0.000000e+00, 0.000000e+00, 0.000000e+00, 0.000000e+00, -1.253943e+00, -1.655416e-02, 5.177966e+00, -6.914633e+00, 7.997907e-03
9.871795e-01, 1.625361e-03, -7.156156e-03, 0.000000e+00, 0.000000e+00, 7.672761e-01, 1.416694e+01, -7.313097e-01, -5.618828e-01, -3.942711e-01, -2.441265e-03, -2.018507e-02, 8.994615e-01, 1.909090e-03, 0.000000e+00, 0.000000e+00, 0.000000e+00, 3.401114e-03, 0.000000e+00, 3.829177e-03, 9.932641e-03, -2.670073e-02, 0.000000e+00, 0.000000e+00, 0.000000e+00, 0.000000e+00, -1.253445e+00, -1.655332e-02, 5.177694e+00, -6.915195e+00, 7.999053e-03
9.887821e-01, 1.624727e-03, -7.151972e-03, 0.000000e+00, 0.000000e+00, 7.669549e-01, 1.416807e+01, -7.310200e-01, -5.616103e-01, -3.937859e-01, -2.442789e-03, -2.017856e-02, 8.988192e-01, 1.929801e-03, 0.000000e+00, 0.000000e+00, 0.000000e+00, 3.382944e-03, 0.000000e+00, 3.819833e-03, 9.930210e-03, -2.673402e-02, 0.000000e+00, 0.000000e+00, 0.000000e+00, 0.000000e+00, -1.253040e+00, -1.655265e-02, 5.177470e+00, -6.915633e+00, 8.000033e-03
9.903846e-01, 1.624208e-03, -7.148510e-03, 0.000000e+00, 0.000000e+00, 7.666896e-01, 1.416891e+01, -7.307827e-01, -5.613863e-01, -3.933857e-01, -2.444083e-03, -2.017268e-02, 8.982886e-01, 1.946990e-03, 0.000000e+00, 0.000000e+00, 0.000000e+00, 3.367989e-03, 0.000000e+00, 3.811986e-03, 9.928086e-03, -2.676141e-02, 0.000000e+00, 0.000000e+00, 0.000000e+00, 0.000000e+00, -1.252707e+00, -1.655209e-02, 5.177283e+00, -6.915974e+00, 8.000876e-03
9.919872e-01, 1.623778e-03, -7.145612e-03, 0.000000e+00, 0.000000e+00, 7.664678e-01, 1.416954e+01, -7.305864e-01, -5.612001e-01, -3.930518e-01, -2.445197e-03, -2.016733e-02, 8.978451e-01, 1.961431e-03, 0.000000e+00, 0.000000e+00, 0.000000e+00, 3.355527e-03, 0.000000e+00, 3.805325e-03, 9.926216e-03, -2.678420e-02, 0.000000e+00, 0.000000e+00, 0.000000e+00, 0.000000e+00, -1.252429e+00, -1.655163e-02, 5.177126e+00, -6.916238e+00, 8.001606e-03
9.935897e-01, 1.623418e-03, -7.143154e-03, 0.000000e+00, 0.000000e+00, 7.662799e-01, 1.417000e+01, -7.304219e-01, -5.610433e-01, -3.927695e-01, -2.446173e-03, -2.016242e-02, 8.974697e-01, 1.973722e-03, 0.000000e+00, 0.000000e+00, 0.000000e+00, 3.345005e-03, 0.000000e+00, 3.799607e-03, 9.924559e-03, -2.680340e-02, 0.000000e+00, 0.000000e+00, 0.000000e+00, 0.000000e+00, -1.252195e+00, -1.655124e-02, 5.176990e+00, -6.916443e+00, 8.002241e-03
9.967949e-01, 1.622858e-03, -7.139272e-03, 0.000000e+00, 0.000000e+00, 7.659838e-01, 1.417052e+01, -7.301675e-01, -5.607983e-01, -3.923262e-01, -2.447797e-03, -2.015372e-02, 8.968784e-01, 1.993241e-03, 0.000000e+00, 0.000000e+00, 0.000000e+00, 3.328488e-03, 0.000000e+00, 3.790433e-03, 9.921777e-03, -2.683338e-02, 0.000000e+00, 0.000000e+00, 0.000000e+00, 0.000000e+00, -1.251829e+00, -1.655064e-02, 5.176773e+00, -6.916714e+00, 8.003274e-03
1.000000e+00, 1.622432e-03, -7.136260e-03, 0.000000e+00, 0.000000e+00, 7.657542e-01, 1.417072e+01, -7.299750e-01, -5.606104e-01, -3.919841e-01, -2.449148e-03, -2.014615e-02, 8.964207e-01, 2.008505e-03, 0.000000e+00, 0.000000e+00, 0.000000e+00, 3.315723e-03, 0.000000e+00, 3.783234e-03, 9.919508e-03, -2.685634e-02, 0.000000e+00, 0.000000e+00, 0.000000e+00, 0.000000e+00, -1.251546e+00, -1.655018e-02, 5.176600e+00, -6.916875e+00, 8.004081e-03
1.003205e+00, 1.622091e-03, -7.133821e-03, 0.000000e+00, 0.000000e+00, 7.655683e-01, 1.417076e+01, -7.298227e-01, -5.604596e-01, -3.917084e-01, -2.450319e-03, -2.013946e-02, 8.960512e-01, 2.020948e-03, 0.000000e+00, 0.000000e+00, 0.000000e+00, 3.305407e-03, 0.000000e+00, 3.777385e-03, 9.917624e-03, -2.687473e-02, 0.000000e+00, 0.000000e+00, 0.000000e+00, 0.000000e+00, -1.251319e+00, -1.654981e-02, 5.176457e+00, -6.916971e+00, 8.004721e-03
1.006410e+00, 1.621809e-03, -7.131780e-03, 0.000000e+00, 0.000000e+00, 7.654126e-01, 1.417069e+01, -7.296977e-01, -5.603343e-01, -3.914784e-01, -2.451365e-03, -2.013351e-02, 8.957423e-01, 2.031433e-03, 0.000000e+00, 0.000000e+00, 0.000000e+00, 3.296764e-03, 0.000000e+00, 3.772495e-03, 9.916035e-03, -2.688999e-02, 0.000000e+00, 0.000000e+00, 0.000000e+00, 0.000000e+00, -1.251129e+00, -1.654950e-02, 5.176335e+00, -6.917027e+00, 8.005236e-03
1.009615e+00, 1.621569e-03, -7.130026e-03, 0.000000e+00, 0.000000e+00, 7.652789e-01, 1.417057e+01, -7.295921e-01, -5.602270e-01, -3.912812e-01, -2.452321e-03, -2.012817e-02, 8.954774e-01, 2.040490e-03, 0.000000e+00, 0.000000e+00, 0.000000e+00, 3.289326e-03, 0.000000e+00, 3.768310e-03, 9.914678e-03, -2.690302e-02, 0.000000e+00, 0.000000e+00, 0.000000e+00, 0.000000e+00, -1.250967e+00, -1.654923e-02, 5.176229e+00, -6.917060e+00, 8.005655e-03
1.012821e+00, 1.621359e-03, -7.128490e-03, 0.000000e+00, 0.000000e+00, 7.651618e-01, 1.417043e+01, -7.295009e-01, -5.601334e-01, -3.911089e-01, -2.453206e-03, -2.012337e-02, 8.952457e-01, 2.048455e-03, 0.000000e+00, 0.000000e+00, 0.000000e+00, 3.282799e-03, 0.000000e+00, 3.764663e-03, 9.913505e-03, -2.691438e-02, 0.000000e+00, 0.000000e+00, 0.000000e+00, 0.000000e+00, -1.250824e+00, -1.654900e-02, 5.176135e+00, -6.917081e+00, 8.005999e-03
1.019231e+00, 1.621013e-03, -7.125935e-03, 0.000000e+00, 0.000000e+00, 7.649671e-01, 1.417012e+01, -7.293522e-01, -5.599779e-01, -3.908224e-01, -2.454810e-03, -2.011519e-02, 8.948607e-01, 2.061784e-03, 0.000000e+00, 0.000000e+00, 0.000000e+00, 3.271895e-03, 0.000000e+00, 3.758627e-03, 9.911606e-03, -2.693321e-02, 0.000000e+00, 0.000000e+00, 0.000000e+00, 0.000000e+00, -1.250587e+00, -1.654860e-02, 5.175977e+00, -6.917098e+00, 8.006514e-03
1.025641e+00, 1.620732e-03, -7.123852e-03, 0.000000e+00, 0.000000e+00, 7.648089e-01, 1.416984e+01, -7.292339e-01, -5.598511e-01, -3.905891e-01, -2.456252e-03, -2.010847e-02, 8.945475e-01, 2.072710e-03, 0.000000e+00, 0.000000e+00, 0.000000e+00, 3.262978e-03, 0.000000e+00, 3.753709e-03, 9.910107e-03, -2.694852e-02, 0.000000e+00, 0.000000e+00, 0.000000e+00, 0.000000e+00, -1.250392e+00, -1.654828e-02, 5.175846e+00, -6.917106e+00, 8.006881e-03
1.032051e+00, 1.620499e-03, -7.122118e-03, 0.000000e+00, 0.000000e+00, 7.646781e-01, 1.416958e+01, -7.291379e-01, -5.597456e-01, -3.903949e-01, -2.457568e-03, -2.010294e-02, 8.942873e-01, 2.081833e-03, 0.000000e+00, 0.000000e+00, 0.000000e+00, 3.255543e-03, 0.000000e+00, 3.749584e-03, 9.908885e-03, -2.696123e-02, 0.000000e+00, 0.000000e+00, 0.000000e+00, 0.000000e+00, -1.250229e+00, -1.654800e-02, 5.175737e+00, -6.917109e+00, 8.007148e-03
1.038462e+00, 1.620303e-03, -7.120651e-03, 0.000000e+00, 0.000000e+00, 7.645682e-01, 1.416936e+01, -7.290587e-01, -5.596563e-01, -3.902307e-01, -2.458780e-03, -2.009835e-02, 8.940675e-01, 2.089559e-03, 0.000000e+00, 0.000000e+00, 0.000000e+00, 3.249252e-03, 0.000000e+00, 3.746047e-03, 9.907860e-03, -2.697197e-02, 0.000000e+00, 0.000000e+00, 0.000000e+00, 0.000000e+00, -1.250090e+00, -1.654776e-02, 5.175643e+00, -6.917111e+00, 8.007348e-03
1.044872e+00, 1.620136e-03, -7.119392e-03, 0.000000e+00, 0.000000e+00, 7.644746e-01, 1.416916e+01, -7.289925e-01, -5.595795e-01, -3.900897e-01, -2.459904e-03, -2.009451e-02, 8.938793e-01, 2.096187e-03, 0.000000e+00, 0.000000e+00, 0.000000e+00, 3.243855e-03, 0.000000e+00, 3.742958e-03, 9.906979e-03, -2.698115e-02, 0.000000e+00, 0.000000e+00, 0.000000e+00, 0.000000e+00, -1.249971e+00, -1.654755e-02, 5.175563e+00, -6.917113e+00, 8.007500e-03
1.051282e+00, 1.619991e-03, -7.118296e-03, 0.000000e+00, 0.000000e+00, 7.643940e-01, 1.416898e+01, -7.289364e-01, -5.595125e-01, -3.899670e-01, -2.460950e-03, -2.009129e-02, 8.937160e-01, 2.101939e-03, 0.000000e+00, 0.000000e+00, 0.000000e+00, 3.239169e-03, 0.000000e+00, 3.740222e-03, 9.906205e-03, -2.698912e-02, 0.000000e+00, 0.000000e+00, 0.000000e+00, 0.000000e+00, -1.249866e+00, -1.654736e-02, 5.175492e+00, -6.917114e+00, 8.007617e-03
1.057692e+00, 1.619865e-03, -7.117331e-03, 0.000000e+00, 0.000000e+00, 7.643238e-01, 1.416882e+01, -7.288884e-01, -5.594536e-01, -3.898592e-01, -2.461927e-03, -2.008857e-02, 8.935726e-01, 2.106984e-03, 0.000000e+00, 0.000000e+00, 0.000000e+00, 3.235052e-03, 0.000000e+00, 3.737770e-03, 9.905515e-03, -2.699610e-02, 0.000000e+00, 0.000000e+00, 0.000000e+00, 0.000000e+00, -1.249774e+00, -1.654720e-02, 5.175430e+00, -6.917115e+00, 8.007710e-03
1.064103e+00, 1.619753e-03, -7.116474e-03, 0.000000e+00, 0.000000e+00, 7.642620e-01, 1.416868e+01, -7.288467e-01, -5.594011e-01, -3.897633e-01, -2.462840e-03, -2.008624e-02, 8.934454e-01, 2.111453e-03, 0.000000e+00, 0.000000e+00, 0.000000e+00, 3.231398e-03, 0.000000e+00, 3.735553e-03, 9.904892e-03, -2.700228e-02, 0.000000e+00, 0.000000e+00, 0.000000e+00, 0.000000e+00, -1.249691e+00, -1.654704e-02, 5.175375e+00, -6.917117e+00, 8.007784e-03
1.070513e+00, 1.619652e-03, -7.115704e-03, 0.000000e+00, 0.000000e+00, 7.642070e-01, 1.416855e+01, -7.288102e-01, -5.593539e-01, -3.896774e-01, -2.463694e-03, -2.008424e-02, 8.933317e-01, 2.115446e-03, 0.000000e+00, 0.000000e+00, 0.000000e+00, 3.228126e-03, 0.000000e+00, 3.733533e-03, 9.904323e-03, -2.700780e-02, 0.000000e+00, 0.000000e+00, 0.000000e+00, 0.000000e+00, -1.249617e+00, -1.654691e-02, 5.175325e+00, -6.917117e+00, 8.007844e-03
1.076923e+00, 1.619562e-03, -7.115008e-03, 0.000000e+00, 0.000000e+00, 7.641578e-01, 1.416843e+01, -7.287779e-01, -5.593111e-01, -3.895998e-01, -2.464490e-03, -2.008251e-02, 8.932291e-01, 2.119042e-03, 0.000000e+00, 0.000000e+00, 0.000000e+00, 3.225172e-03, 0.000000e+00, 3.731682e-03, 9.903801e-03, -2.701277e-02, 0.000000e+00, 0.000000e+00, 0.000000e+00, 0.000000e+00, -1.249550e+00, -1.654678e-02, 5.175279e+00, -6.917118e+00, 8.007894e-03
1.089744e+00, 1.619406e-03, -7.113804e-03, 0.000000e+00, 0.000000e+00, 7.640737e-01, 1.416822e+01, -7.287236e-01, -5.592369e-01, -3.894659e-01, -2.465919e-03, -2.007972e-02, 8.930524e-01, 2.125225e-03, 0.000000e+00, 0.000000e+00, 0.000000e+00, 3.220072e-03, 0.000000e+00, 3.728421e-03, 9.902875e-03, -2.702131e-02, 0.000000e+00, 0.000000e+00, 0.000000e+00, 0.000000e+00, -1.249433e+00, -1.654655e-02, 5.175201e+00, -6.917120e+00, 8.007970e-03
1.102564e+00, 1.619275e-03, -7.112787e-03, 0.000000e+00, 0.000000e+00, 7.640036e-01, 1.416803e+01, -7.286791e-01, -5.591740e-01, -3.893533e-01, -2.467143e-03, -2.007755e-02, 8.929039e-01, 2.130419e-03, 0.000000e+00, 0.000000e+00, 0.000000e+00, 3.215770e-03, 0.000000e+00, 3.725621e-03, 9.902076e-03, -2.702847e-02, 0.000000e+00, 0.000000e+00, 0.000000e+00, 0.000000e+00, -1.249334e+00, -1.654635e-02, 5.175134e+00, -6.917121e+00, 8.008027e-03
1.115385e+00, 1.619163e-03, -7.111915e-03, 0.000000e+00, 0.000000e+00, 7.639443e-01, 1.416788e+01, -7.286419e-01, -5.591198e-01, -3.892573e-01, -2.468171e-03, -2.007583e-02, 8.927774e-01, 2.134849e-03, 0.000000e+00, 0.000000e+00, 0.000000e+00, 3.212087e-03, 0.000000e+00, 3.723196e-03, 9.901378e-03, -2.703455e-02, 0.000000e+00, 0.000000e+00, 0.000000e+00, 0.000000e+00, -1.249250e+00, -1.654618e-02, 5.175077e+00, -6.917122e+00, 8.008072e-03
1.128205e+00, 1.619066e-03, -7.111161e-03, 0.000000e+00, 0.000000e+00, 7.638935e-01, 1.416774e+01, -7.286104e-01, -5.590729e-01, -3.891749e-01, -2.469012e-03, -2.007445e-02, 8.926685e-01, 2.138671e-03, 0.000000e+00, 0.000000e+00, 0.000000e+00, 3.208901e-03, 0.000000e+00, 3.721080e-03, 9.900765e-03, -2.703978e-02, 0.000000e+00, 0.000000e+00, 0.000000e+00, 0.000000e+00, -1.249176e+00, -1.654602e-02, 5.175027e+00, -6.917123e+00, 8.008108e-03
1.141026e+00, 1.618982e-03, -7.110503e-03, 0.000000e+00, 0.000000e+00, 7.638496e-01, 1.416762e+01, -7.285834e-01, -5.590318e-01, -3.891036e-01, -2.469673e-03, -2.007332e-02, 8.925741e-01, 2.141996e-03, 0.000000e+00, 0.000000e+00, 0.000000e+00, 3.206121e-03, 0.000000e+00, 3.719225e-03, 9.900226e-03, -2.704431e-02, 0.000000e+00, 0.000000e+00, 0.000000e+00, 0.000000e+00, -1.249112e+00, -1.654588e-02, 5.174984e+00, -6.917124e+00, 8.008138e-03
1.153846e+00, 1.618908e-03, -7.109926e-03, 0.000000e+00, 0.000000e+00, 7.638114e-01, 1.416752e+01, -7.285600e-01, -5.589956e-01, -3.890417e-01, -2.470165e-03, -2.007238e-02, 8.924918e-01, 2.144908e-03, 0.000000e+00, 0.000000e+00, 0.000000e+00, 3.203680e-03, 0.000000e+00, 3.717591e-03, 9.899748e-03, -2.704825e-02, 0.000000e+00, 0.000000e+00, 0.000000e+00, 0.000000e+00, -1.249056e+00, -1.654575e-02, 5.174946e+00, -6.917125e+00, 8.008163e-03
1.179487e+00, 1.618786e-03, -7.108976e-03, 0.000000e+00, 0.000000e+00, 7.637492e-01, 1.416734e+01, -7.285226e-01, -5.589359e-01, -3.889417e-01, -2.470672e-03, -2.007097e-02, 8.923575e-01, 2.149689e-03, 0.000000e+00, 0.000000e+00, 0.000000e+00, 3.199660e-03, 0.000000e+00, 3.714895e-03, 9.898955e-03, -2.705466e-02, 0.000000e+00, 0.000000e+00, 0.000000e+00, 0.000000e+00, -1.248963e+00, -1.654554e-02, 5.174884e+00, -6.917126e+00, 8.008204e-03
1.205128e+00, 1.618689e-03, -7.108227e-03, 0.000000e+00, 0.000000e+00, 7.637008e-01, 1.416721e+01, -7.284942e-01, -5.588886e-01, -3.888652e-01, -2.470655e-03, -2.006997e-02, 8.922527e-01, 2.153459e-03, 0.000000e+00, 0.000000e+00, 0.000000e+00, 3.196477e-03, 0.000000e+00, 3.712760e-03, 9.898323e-03, -2.705963e-02, 0.000000e+00, 0.000000e+00, 0.000000e+00, 0.000000e+00, -1.248890e+00, -1.654536e-02, 5.174834e+00, -6.917127e+00, 8.008238e-03
1.230769e+00, 1.618612e-03, -7.107627e-03, 0.000000e+00, 0.000000e+00, 7.636625e-01, 1.416710e+01, -7.284729e-01, -5.588506e-01, -3.888062e-01, -2.470222e-03, -2.006925e-02, 8.921699e-01, 2.156468e-03, 0.000000e+00, 0.000000e+00, 0.000000e+00, 3.193926e-03, 0.000000e+00, 3.711052e-03, 9.897813e-03, -2.706350e-02, 0.000000e+00, 0.000000e+00, 0.000000e+00, 0.000000e+00, -1.248832e+00, -1.654522e-02, 5.174795e+00, -6.917128e+00, 8.008265e-03
1.282051e+00, 1.618502e-03, -7.106775e-03, 0.000000e+00, 0.000000e+00, 7.636093e-01, 1.416694e+01, -7.284474e-01, -5.587966e-01, -3.887284e-01, -2.468438e-03, -2.006844e-02, 8.920543e-01, 2.160730e-03, 0.000000e+00, 0.000000e+00, 0.000000e+00, 3.190276e-03, 0.000000e+00, 3.708622e-03, 9.897076e-03, -2.706862e-02, 0.000000e+00, 0.000000e+00, 0.000000e+00, 0.000000e+00, -1.248749e+00, -1.654500e-02, 5.174739e+00, -6.917129e+00, 8.008309e-03
1.333333e+00, 1.618427e-03, -7.106198e-03, 0.000000e+00, 0.000000e+00, 7.635746e-01, 1.416683e+01, -7.284385e-01, -5.587601e-01, -3.886811e-01, -2.466187e-03, -2.006814e-02, 8.919776e-01, 2.163590e-03, 0.000000e+00, 0.000000e+00, 0.000000e+00, 3.187780e-03, 0.000000e+00, 3.706982e-03, 9.896567e-03, -2.707146e-02, 0.000000e+00, 0.000000e+00, 0.000000e+00, 0.000000e+00, -1.248693e+00, -1.654485e-02, 5.174702e+00, -6.917129e+00, 8.008344e-03
1.384615e+00, 1.618373e-03, -7.105794e-03, 0.000000e+00, 0.000000e+00, 7.635513e-01, 1.416676e+01, -7.284429e-01, -5.587349e-01, -3.886515e-01, -2.464019e-03, -2.006818e-02, 8.919244e-01, 2.165570e-03, 0.000000e+00, 0.000000e+00, 0.000000e+00, 3.186002e-03, 0.000000e+00, 3.705834e-03, 9.896198e-03, -2.707266e-02, 0.000000e+00, 0.000000e+00, 0.000000e+00, 0.000000e+00, -1.248654e+00, -1.654476e-02, 5.174675e+00, -6.917130e+00, 8.008372e-03
1.435897e+00, 1.618334e-03, -7.105498e-03, 0.000000e+00, 0.000000e+00, 7.635355e-01, 1.416671e+01, -7.284584e-01, -5.587170e-01, -3.886317e-01, -2.462277e-03, -2.006849e-02, 8.918858e-01, 2.166988e-03, 0.000000e+00, 0.000000e+00, 0.000000e+00, 3.184673e-03, 0.000000e+00, 3.704998e-03, 9.895916e-03, -2.707264e-02, 0.000000e+00, 0.000000e+00, 0.000000e+00, 0.000000e+00, -1.248626e+00, -1.654469e-02, 5.174656e+00, -6.917130e+00, 8.008395e-03
1.487179e+00, 1.618303e-03, -7.105273e-03, 0.000000e+00, 0.000000e+00, 7.635244e-01, 1.416667e+01, -7.284830e-01, -5.587039e-01, -3.886172e-01, -2.461110e-03, -2.006899e-02, 8.918562e-01, 2.168039e-03, 0.000000e+00, 0.000000e+00, 0.000000e+00, 3.183635e-03, 0.000000e+00, 3.704364e-03, 9.895688e-03, -2.707169e-02, 0.000000e+00, 0.000000e+00, 0.000000e+00, 0.000000e+00, -1.248605e+00, -1.654464e-02, 5.174642e+00, -6.917130e+00, 8.008413e-03
1.538462e+00, 1.618278e-03, -7.105097e-03, 0.000000e+00, 0.000000e+00, 7.635165e-01, 1.416664e+01, -7.285143e-01, -5.586941e-01, -3.886056e-01, -2.460501e-03, -2.006962e-02, 8.918327e-01, 2.168839e-03, 0.000000e+00, 0.000000e+00, 0.000000e+00, 3.182799e-03, 0.000000e+00, 3.703867e-03, 9.895498e-03, -2.707007e-02, 0.000000e+00, 0.000000e+00, 0.000000e+00, 0.000000e+00, -1.248588e+00, -1.654461e-02, 5.174630e+00, -6.917130e+00, 8.008426e-03
1.589744e+00, 1.618259e-03, -7.104957e-03, 0.000000e+00, 0.000000e+00, 7.635109e-01, 1.416661e+01, -7.285492e-01, -5.586867e-01, -3.885963e-01, -2.460287e-03, -2.007030e-02, 8.918138e-01, 2.169454e-03, 0.000000e+00, 0.000000e+00, 0.000000e+00, 3.182120e-03, 0.000000e+00, 3.703470e-03, 9.895338e-03, -2.706806e-02, 0.000000e+00, 0.000000e+00, 0.000000e+00, 0.000000e+00, -1.248575e+00, -1.654458e-02, 5.174622e+00, -6.917130e+00, 8.008436e-03
1.641026e+00, 1.618243e-03, -7.104848e-03, 0.000000e+00, 0.000000e+00, 7.635069e-01, 1.416659e+01, -7.285842e-01, -5.586812e-01, -3.885896e-01, -2.460197e-03, -2.007097e-02, 8.917991e-01, 2.169922e-03, 0.000000e+00, 0.000000e+00, 0.000000e+00, 3.181578e-03, 0.000000e+00, 3.703158e-03, 9.895206e-03, -2.706593e-02, 0.000000e+00, 0.000000e+00, 0.000000e+00, 0.000000e+00, -1.248565e+00, -1.654456e-02, 5.174615e+00, -6.917130e+00, 8.008443e-03
1.692308e+00, 1.618231e-03, -7.104766e-03, 0.000000e+00, 0.000000e+00, 7.635042e-01, 1.416658e+01, -7.286159e-01, -5.586772e-01, -3.885860e-01, -2.459927e-03, -2.007156e-02, 8.917882e-01, 2.170266e-03, 0.000000e+00, 0.000000e+00, 0.000000e+00, 3.181165e-03, 0.000000e+00, 3.702920e-03, 9.895100e-03, -2.706393e-02, 0.000000e+00, 0.000000e+00, 0.000000e+00, 0.000000e+00, -1.248558e+00, -1.654454e-02, 5.174610e+00, -6.917130e+00, 8.008448e-03
1.743590e+00, 1.618223e-03, -7.104708e-03, 0.000000e+00, 0.000000e+00, 7.635026e-01, 1.416657e+01, -7.286420e-01, -5.586745e-01, -3.885857e-01, -2.459262e-03, -2.007206e-02, 8.917809e-01, 2.170504e-03, 0.000000e+00, 0.000000e+00, 0.000000e+00, 3.180866e-03, 0.000000e+00, 3.702747e-03, 9.895020e-03, -2.706227e-02, 0.000000e+00, 0.000000e+00, 0.000000e+00, 0.000000e+00, -1.248552e+00, -1.654452e-02, 5.174606e+00, -6.917130e+00, 8.008452e-03
1.769231e+00, 1.618220e-03, -7.104687e-03, 0.000000e+00, 0.000000e+00, 7.635021e-01, 1.416657e+01, -7.286524e-01, -5.586736e-01, -3.885866e-01, -2.458774e-03, -2.007227e-02, 8.917784e-01, 2.170589e-03, 0.000000e+00, 0.000000e+00, 0.000000e+00, 3.180753e-03, 0.000000e+00, 3.702680e-03, 9.894988e-03, -2.706159e-02, 0.000000e+00, 0.000000e+00, 0.000000e+00, 0.000000e+00, -1.248551e+00, -1.654452e-02, 5.174605e+00, -6.917130e+00, 8.008453e-03
1.794872e+00, 1.618217e-03, -7.104670e-03, 0.000000e+00, 0.000000e+00, 7.635018e-01, 1.416656e+01, -7.286611e-01, -5.586729e-01, -3.885881e-01, -2.458191e-03, -2.007246e-02, 8.917765e-01, 2.170656e-03, 0.000000e+00, 0.000000e+00, 0.000000e+00, 3.180662e-03, 0.000000e+00, 3.702625e-03, 9.894960e-03, -2.706103e-02, 0.000000e+00, 0.000000e+00, 0.000000e+00, 0.000000e+00, -1.248549e+00, -1.654451e-02, 5.174604e+00, -6.917130e+00, 8.008454e-03
1.807692e+00, 1.618216e-03, -7.104663e-03, 0.000000e+00, 0.000000e+00, 7.635017e-01, 1.416656e+01, -7.286649e-01, -5.586726e-01, -3.885890e-01, -2.457875e-03, -2.007255e-02, 8.917757e-01, 2.170683e-03, 0.000000e+00, 0.000000e+00, 0.000000e+00, 3.180623e-03, 0.000000e+00, 3.702601e-03, 9.894947e-03, -2.706079e-02, 0.000000e+00, 0.000000e+00, 0.000000e+00, 0.000000e+00, -1.248548e+00, -1.654451e-02, 5.174603e+00, -6.917130e+00, 8.008454e-03
1.820513e+00, 1.618215e-03, -7.104656e-03, 0.000000e+00, 0.000000e+00, 7.635017e-01, 1.416656e+01, -7.286682e-01, -5.586723e-01, -3.885899e-01, -2.457553e-03, -2.007264e-02, 8.917751e-01, 2.170706e-03, 0.000000e+00, 0.000000e+00, 0.000000e+00, 3.180588e-03, 0.000000e+00, 3.702579e-03, 9.894936e-03, -2.706057e-02, 0.000000e+00, 0.000000e+00, 0.000000e+00, 0.000000e+00, -1.248548e+00, -1.654451e-02, 5.174603e+00, -6.917130e+00, 8.008455e-03
1.833333e+00, 1.618214e-03, -7.104651e-03, 0.000000e+00, 0.000000e+00, 7.635017e-01, 1.416656e+01, -7.286712e-01, -5.586721e-01, -3.885908e-01, -2.457234e-03, -2.007272e-02, 8.917746e-01, 2.170725e-03, 0.000000e+00, 0.000000e+00, 0.000000e+00, 3.180557e-03, 0.000000e+00, 3.702559e-03, 9.894925e-03, -2.706038e-02, 0.000000e+00, 0.000000e+00, 0.000000e+00, 0.000000e+00, -1.248547e+00, -1.654451e-02, 5.174603e+00, -6.917130e+00, 8.008455e-03
1.846154e+00, 1.618214e-03, -7.104646e-03, 0.000000e+00, 0.000000e+00, 7.635017e-01, 1.416656e+01, -7.286738e-01, -5.586720e-01, -3.885918e-01, -2.456929e-03, -2.007280e-02, 8.917741e-01, 2.170742e-03, 0.000000e+00, 0.000000e+00, 0.000000e+00, 3.180529e-03, 0.000000e+00, 3.702540e-03, 9.894914e-03, -2.706021e-02, 0.000000e+00, 0.000000e+00, 0.000000e+00, 0.000000e+00, -1.248547e+00, -1.654451e-02, 5.174602e+00, -6.917130e+00, 8.008455e-03
1.858974e+00, 1.618213e-03, -7.104642e-03, 0.000000e+00, 0.000000e+00, 7.635018e-01, 1.416656e+01, -7.286761e-01, -5.586719e-01, -3.885926e-01, -2.456650e-03, -2.007287e-02, 8.917737e-01, 2.170755e-03, 0.000000e+00, 0.000000e+00, 0.000000e+00, 3.180504e-03, 0.000000e+00, 3.702523e-03, 9.894904e-03, -2.706007e-02, 0.000000e+00, 0.000000e+00, 0.000000e+00, 0.000000e+00, -1.248547e+00, -1.654451e-02, 5.174602e+00, -6.917130e+00, 8.008456e-03
1.871795e+00, 1.618212e-03, -7.104638e-03, 0.000000e+00, 0.000000e+00, 7.635018e-01, 1.416656e+01, -7.286780e-01, -5.586718e-01, -3.885933e-01, -2.456405e-03, -2.007295e-02, 8.917734e-01, 2.170767e-03, 0.000000e+00, 0.000000e+00, 0.000000e+00, 3.180482e-03, 0.000000e+00, 3.702508e-03, 9.894895e-03, -2.705994e-02, 0.000000e+00, 0.000000e+00, 0.000000e+00, 0.000000e+00, -1.248546e+00, -1.654450e-02, 5.174602e+00, -6.917130e+00, 8.008456e-03
1.884615e+00, 1.618212e-03, -7.104635e-03, 0.000000e+00, 0.000000e+00, 7.635020e-01, 1.416655e+01, -7.286797e-01, -5.586717e-01, -3.885939e-01, -2.456201e-03, -2.007302e-02, 8.917731e-01, 2.170776e-03, 0.000000e+00, 0.000000e+00, 0.000000e+00, 3.180462e-03, 0.000000e+00, 3.702494e-03, 9.894886e-03, -2.705984e-02, 0.000000e+00, 0.000000e+00, 0.000000e+00, 0.000000e+00, -1.248546e+00, -1.654450e-02, 5.174602e+00, -6.917130e+00, 8.008456e-03
1.891026e+00, 1.618212e-03, -7.104633e-03, 0.000000e+00, 0.000000e+00, 7.635020e-01, 1.416655e+01, -7.286804e-01, -5.586717e-01, -3.885941e-01, -2.456114e-03, -2.007305e-02, 8.917730e-01, 2.170779e-03, 0.000000e+00, 0.000000e+00, 0.000000e+00, 3.180453e-03, 0.000000e+00, 3.702487e-03, 9.894882e-03, -2.705979e-02, 0.000000e+00, 0.000000e+00, 0.000000e+00, 0.000000e+00, -1.248546e+00, -1.654450e-02, 5.174602e+00, -6.917130e+00, 8.008456e-03
1.897436e+00, 1.618211e-03, -7.104632e-03, 0.000000e+00, 0.000000e+00, 7.635021e-01, 1.416655e+01, -7.286811e-01, -5.586717e-01, -3.885943e-01, -2.456037e-03, -2.007308e-02, 8.917729e-01, 2.170783e-03, 0.000000e+00, 0.000000e+00, 0.000000e+00, 3.180445e-03, 0.000000e+00, 3.702481e-03, 9.894878e-03, -2.705975e-02, 0.000000e+00, 0.000000e+00, 0.000000e+00, 0.000000e+00, -1.248546e+00, -1.654450e-02, 5.174602e+00, -6.917130e+00, 8.008456e-03
1.903846e+00, 1.618211e-03, -7.104631e-03, 0.000000e+00, 0.000000e+00, 7.635022e-01, 1.416655e+01, -7.286817e-01, -5.586717e-01, -3.885944e-01, -2.455971e-03, -2.007312e-02, 8.917728e-01, 2.170786e-03, 0.000000e+00, 0.000000e+00, 0.000000e+00, 3.180436e-03, 0.000000e+00, 3.702475e-03, 9.894874e-03, -2.705971e-02, 0.000000e+00, 0.000000e+00, 0.000000e+00, 0.000000e+00, -1.248546e+00, -1.654450e-02, 5.174601e+00, -6.917130e+00, 8.008456e-03
1.910256e+00, 1.618211e-03, -7.104630e-03, 0.000000e+00, 0.000000e+00, 7.635022e-01, 1.416655e+01, -7.286822e-01, -5.586717e-01, -3.885945e-01, -2.455913e-03, -2.007315e-02, 8.917727e-01, 2.170788e-03, 0.000000e+00, 0.000000e+00, 0.000000e+00, 3.180429e-03, 0.000000e+00, 3.702468e-03, 9.894870e-03, -2.705968e-02, 0.000000e+00, 0.000000e+00, 0.000000e+00, 0.000000e+00, -1.248546e+00, -1.654450e-02, 5.174601e+00, -6.917130e+00, 8.008456e-03
1.916667e+00, 1.618211e-03, -7.104629e-03, 0.000000e+00, 0.000000e+00, 7.635023e-01, 1.416655e+01, -7.286828e-01, -5.586717e-01, -3.885946e-01, -2.455865e-03, -2.007318e-02, 8.917726e-01, 2.170790e-03, 0.000000e+00, 0.000000e+00, 0.000000e+00, 3.180421e-03, 0.000000e+00, 3.702463e-03, 9.894866e-03, -2.705965e-02, 0.000000e+00, 0.000000e+00, 0.000000e+00, 0.000000e+00, -1.248546e+00, -1.654450e-02, 5.174601e+00, -6.917130e+00, 8.008456e-03
1.923077e+00, 1.618211e-03, -7.104628e-03, 0.000000e+00, 0.000000e+00, 7.635024e-01, 1.416655e+01, -7.286832e-01, -5.586717e-01, -3.885947e-01, -2.455824e-03, -2.007322e-02, 8.917725e-01, 2.170792e-03, 0.000000e+00, 0.000000e+00, 0.000000e+00, 3.180414e-03, 0.000000e+00, 3.702457e-03, 9.894862e-03, -2.705962e-02, 0.000000e+00, 0.000000e+00, 0.000000e+00, 0.000000e+00, -1.248545e+00, -1.654450e-02, 5.174601e+00, -6.917130e+00, 8.008456e-03
1.935897e+00, 1.618210e-03, -7.104626e-03, 0.000000e+00, 0.000000e+00, 7.635026e-01, 1.416655e+01, -7.286840e-01, -5.586717e-01, -3.885947e-01, -2.455765e-03, -2.007328e-02, 8.917723e-01, 2.170795e-03, 0.000000e+00, 0.000000e+00, 0.000000e+00, 3.180401e-03, 0.000000e+00, 3.702446e-03, 9.894855e-03, -2.705957e-02, 0.000000e+00, 0.000000e+00, 0.000000e+00, 0.000000e+00, -1.248545e+00, -1.654450e-02, 5.174601e+00, -6.917130e+00, 8.008456e-03
1.948718e+00, 1.618210e-03, -7.104624e-03, 0.000000e+00, 0.000000e+00, 7.635028e-01, 1.416655e+01, -7.286846e-01, -5.586717e-01, -3.885946e-01, -2.455727e-03, -2.007334e-02, 8.917721e-01, 2.170797e-03, 0.000000e+00, 0.000000e+00, 0.000000e+00, 3.180389e-03, 0.000000e+00, 3.702436e-03, 9.894848e-03, -2.705954e-02, 0.000000e+00, 0.000000e+00, 0.000000e+00, 0.000000e+00, -1.248545e+00, -1.654450e-02, 5.174601e+00, -6.917130e+00, 8.008456e-03
1.961538e+00, 1.618210e-03, -7.104623e-03, 0.000000e+00, 0.000000e+00, 7.635029e-01, 1.416655e+01, -7.286851e-01, -5.586717e-01, -3.885945e-01, -2.455706e-03, -2.007339e-02, 8.917720e-01, 2.170799e-03, 0.000000e+00, 0.000000e+00, 0.000000e+00, 3.180380e-03, 0.000000e+00, 3.702428e-03, 9.894842e-03, -2.705952e-02, 0.000000e+00, 0.000000e+00, 0.000000e+00, 0.000000e+00, -1.248545e+00, -1.654450e-02, 5.174601e+00, -6.917130e+00, 8.008456e-03
1.967949e+00, 1.618210e-03, -7.104622e-03, 0.000000e+00, 0.000000e+00, 7.635030e-01, 1.416655e+01, -7.286853e-01, -5.586718e-01, -3.885945e-01, -2.455700e-03, -2.007341e-02, 8.917720e-01, 2.170799e-03, 0.000000e+00, 0.000000e+00, 0.000000e+00, 3.180376e-03, 0.000000e+00, 3.702425e-03, 9.894840e-03, -2.705951e-02, 0.000000e+00, 0.000000e+00, 0.000000e+00, 0.000000e+00, -1.248545e+00, -1.654450e-02, 5.174601e+00, -6.917130e+00, 8.008456e-03
1.974359e+00, 1.618210e-03, -7.104622e-03, 0.000000e+00, 0.000000e+00, 7.635030e-01, 1.416655e+01, -7.286854e-01, -5.586718e-01, -3.885944e-01, -2.455696e-03, -2.007343e-02, 8.917719e-01, 2.170799e-03, 0.000000e+00, 0.000000e+00, 0.000000e+00, 3.180373e-03, 0.000000e+00, 3.702422e-03, 9.894838e-03, -2.705950e-02, 0.000000e+00, 0.000000e+00, 0.000000e+00, 0.000000e+00, -1.248545e+00, -1.654450e-02, 5.174601e+00, -6.917130e+00, 8.008456e-03
1.980769e+00, 1.618210e-03, -7.104622e-03, 0.000000e+00, 0.000000e+00, 7.635031e-01, 1.416655e+01, -7.286855e-01, -5.586718e-01, -3.885944e-01, -2.455694e-03, -2.007344e-02, 8.917719e-01, 2.170800e-03, 0.000000e+00, 0.000000e+00, 0.000000e+00, 3.180370e-03, 0.000000e+00, 3.702420e-03, 9.894836e-03, -2.705949e-02, 0.000000e+00, 0.000000e+00, 0.000000e+00, 0.000000e+00, -1.248545e+00, -1.654450e-02, 5.174601e+00, -6.917130e+00, 8.008456e-03
1.987179e+00, 1.618210e-03, -7.104621e-03, 0.000000e+00, 0.000000e+00, 7.635031e-01, 1.416655e+01, -7.286856e-01, -5.586718e-01, -3.885944e-01, -2.455693e-03, -2.007345e-02, 8.917719e-01, 2.170800e-03, 0.000000e+00, 0.000000e+00, 0.000000e+00, 3.180368e-03, 0.000000e+00, 3.702419e-03, 9.894835e-03, -2.705949e-02, 0.000000e+00, 0.000000e+00, 0.000000e+00, 0.000000e+00, -1.248545e+00, -1.654450e-02, 5.174601e+00, -6.917130e+00, 8.008456e-03
1.990385e+00, 1.618210e-03, -7.104621e-03, 0.000000e+00, 0.000000e+00, 7.635031e-01, 1.416655e+01, -7.286856e-01, -5.586718e-01, -3.885944e-01, -2.455693e-03, -2.007345e-02, 8.917719e-01, 2.170800e-03, 0.000000e+00, 0.000000e+00, 0.000000e+00, 3.180368e-03, 0.000000e+00, 3.702418e-03, 9.894835e-03, -2.705949e-02, 0.000000e+00, 0.000000e+00, 0.000000e+00, 0.000000e+00, -1.248545e+00, -1.654450e-02, 5.174601e+00, -6.917130e+00, 8.008456e-03
1.993590e+00, 1.618210e-03, -7.104621e-03, 0.000000e+00, 0.000000e+00, 7.635031e-01, 1.416655e+01, -7.286856e-01, -5.586718e-01, -3.885944e-01, -2.455693e-03, -2.007346e-02, 8.917719e-01, 2.170800e-03, 0.000000e+00, 0.000000e+00, 0.000000e+00, 3.180367e-03, 0.000000e+00, 3.702418e-03, 9.894834e-03, -2.705949e-02, 0.000000e+00, 0.000000e+00, 0.000000e+00, 0.000000e+00, -1.248545e+00, -1.654450e-02, 5.174601e+00, -6.917130e+00, 8.008456e-03
1.996795e+00, 1.618210e-03, -7.104621e-03, 0.000000e+00, 0.000000e+00, 7.635031e-01, 1.416655e+01, -7.286856e-01, -5.586718e-01, -3.885943e-01, -2.455693e-03, -2.007346e-02, 8.917719e-01, 2.170800e-03, 0.000000e+00, 0.000000e+00, 0.000000e+00, 3.180367e-03, 0.000000e+00, 3.702417e-03, 9.894834e-03, -2.705949e-02, 0.000000e+00, 0.000000e+00, 0.000000e+00, 0.000000e+00, -1.248545e+00, -1.654450e-02, 5.174601e+00, -6.917130e+00, 8.008456e-03
2.000000e+00, 1.618210e-03, -7.104621e-03, 0.000000e+00, 0.000000e+00, 7.635031e-01, 1.416655e+01, -7.286856e-01, -5.586718e-01, -3.885943e-01, -2.455693e-03, -2.007346e-02, 8.917719e-01, 2.170800e-03, 0.000000e+00, 0.000000e+00, 0.000000e+00, 3.180367e-03, 0.000000e+00, 3.702417e-03, 9.894834e-03, -2.705949e-02, 0.000000e+00, 0.000000e+00, 0.000000e+00, 0.000000e+00, -1.248545e+00, -1.654450e-02, 5.174601e+00, -6.917130e+00, 8.008456e-03
